S011000073657175656E6365722E7372656348
S214001000130101FD2322910223202103232E310107
S214001010232C4101232A5101232861012326110292
S21400102023248102EF30D03F9307F0FF2302F10024
S2140010302324010023260100B70901003709010017
S214001040370A0100930A1000370B010013850900C8
S214001050EF1050761305E000EF3050501304F0FF09
S21400106013054000EF30505263128506EF008011E2
S214001070E30805FE834641001307F00F83A7C18AE5
S2140010806390E60C638807001305A00023A6018A78
S214001090EF30D04C3705010013054503EF10907173
S2140010A08320C10203248102832441020329010212
S2140010B08329C101032A8101832A4101032B0101EF
S2140010C0130510001301010367800000EF00400DB8
S2140010D013040500E30C05F6B7070001636CF50280
S2140010E01305CB00EF10106D1305A000EF3010476E
S2140010F01375F40FEF309046135584001375F50FF3
S214001100EF30D045135504011375F50FEF30104539
S2140011106FF0DFF31305E000EF30504413053004A2
S214001120EF30D0439305040013054100EF0000574D
S21400113013058A02EF10106823A6518B6FF09FF3F9
S214001140638807001305D00023A6018AEF301041FC
S21400115013054100EF00000D930505001305C905B2
S214001160EF1050656FF09FEE3701050097210100E4
S2140011709381C1E413000000EFF09FE81300000025
S2140011806FF0DFFF130101FF23261100EF309030D0
S2140011908320C1001375150013010101678000004C
S2140011A01377F5009307F0006316F70013558500D4
S2140011B067800000130101FF1305A000232611001D
S2140011C0EF30D0398320C100130500001301010160
S2140011D067800000130101FF232021010329050079
S2140011E023248100232291002326110013040500E6
S2140011F0930400001304140063CE24018320C1006E
S2140012000324810083244100032901001301010106
S214001210678000000345340093841400EF301034D8
S2140012206FF05FFD130101F5232E31098329850038
S2140012302326110A2324810A2320210B0324450098
S21400124013090500232C41092322910A232A510958
S214001250232861092326710923248109232C3103BD
S214001260EF300034032649008325810393060000EF
S2140012701305C103EF2080168327C103032A010448
S2140012806390071883274104B389890037440F0009
S214001290232CF102EF30501F93040500130404249E
S2140012A0930B2000130C10008327810363FA371575
S2140012B003264900930600009305810313050102E7
S2140012C0EF20004713060001930501021305810471
S2140012D0EF30D021EF30101C1375150023A8A18A1B
S2140012E0630E0504EF300027130704009307000081
S2140012F01306003C9306000013050A009305000041
S214001300EF00C034EF305012130500008320C10AEE
S2140013100324810A8324410A0329010A8329C10977
S214001320032A8109832A4109032B0109832BC1085B
S214001330032C81081301010B6780000003260105BA
S21400134063020604130704009307000093060000D8
S21400135013050A0093050000EF00402F930A0500CE
S214001360EF30901293850400EF00000A9305050005
S21400137013850A00EF00C009EF30100BEF30D010D5
S2140013809304050013058104EF30C02D83278104E4
S214001390639677039305810413058105EF300031CA
S2140013A0130640019305810513050100EF30101464
S2140013B013050100EFF01FE26FF01FF3639487013F
S2140013C00324410513058104EF20107903278104C7
S2140013D093073000E30AF7EC930581041305C10672
S2140013E0EF30C02C130640019305C106130501001B
S2140013F0EF30D00F13050100EFF0DFDD6FF0DFEA0E
S214001400130510006FF09FF03305B54067800000AD
S21400141063F6A5003305B54067800000130500009D
S21400142067800000130101FF232481001387060054
S2140014301384060093060600138605009305050030
S214001440370501001305C50623261100EF10903658
S2140014508320C10013050400032481001301010149
S21400146067800000130101FF232481001387060014
S21400147013840600930606001386050093050500F0
S214001480370501001305C50623261100EF1090321C
S2140014908320C10013050400032481001301010109
S2140014A067800000130101FF2324810013870600D4
S2140014B013840600930606001386050093050500B0
S2140014C0370501001305C50623261100EF10902EE0
S2140014D08320C100130504000324810013010101C9
S2140014E067800000130101FF23248100232291005E
S2140014F0130407009384060013870600930606006D
S21400150013860500930505003705010093070400C0
S2140015101305050823261100EF10D0298320C100EB
S21400152093050400032481001385040083244100EE
S2140015301301010167800000130101FF23248100CD
S214001540138706001384060093060600138605001C
S21400155093050500370501001305C506232611006F
S214001560EF1050258320C1001305040003248100DA
S2140015701301010167800000130101FF232481008D
S21400158013870600138406009306060013860500DC
S21400159093050500370501001305C506232611002F
S2140015A0EF1050218320C10013050400032481009E
S2140015B01301010167800000130101FF232481004D
S2140015C0138706001384060093060600138605009C
S2140015D093050500370501001305C50623261100EF
S2140015E0EF10501D8320C100130504000324810062
S2140015F01301010167800000130101FF232481000D
S2140016002322910013040700938406001387060024
S21400161093060600138605009305050037050100AE
S214001620930704001305050823261100EF109018F1
S2140016308320C10093050400032481001385040061
S214001640832441001301010167800000130101FF9C
S21400165023248100232291001384050093040500AF
S214001660938507001305070023261100EF60004D41
S2140016701306200393060000EF60404C1386040018
S21400168093060400EF30C07C8320C1000324810051
S214001690832441001301010167800000130101FF4C
S2140016A0B70700012324810023261100232291007E
S2140016B09387E7FF1304050063E2B70403A5818A56
S2140016C0B70500019385F5FFEF3000226308050299
S2140016D083A7818A130700002300E4002322A400C6
S2140016E08320C1002324F400130504000324810092
S2140016F08324410013010101678000001307F00FE7
S21400170013050000930700006FF01FFD8326850079
S21400171003264500834505003705010013054509E6
S2140017206F1050096376D600B385C5002380A500E8
S2140017306780000067800000130101FD23229102EC
S21400174023202103232E3101232C4101232A51017A
S2140017502328610123267101232481019384070035
S21400176023261102232481022322910193F73800B5
S214001770130A0500938A050013090600138B06005A
S214001780930B070093090800138C0800638407086E
S21400179013040600338484001305040033069440C3
S2140017A063900408137C2C003304244163140C0A51
S2140017B08320C102032481028324410203290102FB
S2140017C08329C101032A8101832A4101032B0101D8
S2140017D0832BC100032C8100832C410013010103DD
S2140017E06780000093060B0093850A00130500022D
S2140017F0E7000A001304140033069401E36434FF80
S2140018001304000063E499003384994033042401F0
S2140018106FF05FF813840400B30C96406FF0DFFDA2
S2140018209384F4FFB3879B0003C5070093060B0061
S21400183093850A00E7000A006FF01FF613060500FE
S21400184093060B0093850A0013050002E7000A00C2
S2140018501304140033058900E36234FF6FF05FF56C
S2140018601383080083288100130E0800832E0100CE
S21400187013FF280003284100631A0F0413FF180003
S214001880630C0800630A0F0063160E0093FFC8007F
S21400189063840F001308F8FF930F000293020003FF
S2140018A06F004001638AF701B303F70023805300FB
S2140018B093871700E3E8D7FF630A0F00130F0002B1
S2140018C0930F000363F407016392E70513FF080113
S2140018D063080F0813FF084063140F0463820704AD
S2140018E06384D701639E0703938EF7FF63880E0217
S2140018F0130F00019387E7FF6308E30393072000B5
S214001900630CF30A93870E006F008004B302F7009F
S2140019102380F201938717006FF0DFFA9307000029
S214001920930E0001631CD30713F30802631A030423
S21400193013030002638A67043303F700930E8007DD
S2140019402300D3019387170013030002638E6702F8
S2140019503303F700930E00032300D3019387170089
S2140019601303000263826702630C0E043303F7005E
S214001970130ED0022300C301938717006F000001E7
S2140019801303000263966700930700026FF0DFDA26
S2140019903303F700930E80056FF09FFA930E200036
S2140019A0E314D3FB13030002E38067FE3303F70060
S2140019B0930E20066FF0DFF893870E006FF01FFF80
S2140019C013FE480063080E003303F700130EB00240
S2140019D06FF05FFA13FE8800E30A0EFA330EF70084
S2140019E023006E006FF05FF9130101F8232C8106C7
S2140019F0232631072322510723206107232E710552
S214001A00232C81052326B105232E1106232A9106B1
S214001A102328210723244107232A91052328A105EB
S214001A20232CA100232EB10083294108930A060027
S214001A30138B060013040700938B0700930D080012
S214001A40138C08006314070093F9F9FE13F7094096
S214001A50630407006306040613D7590013771700BC
S214001A60930410066304070093041004130904008B
S214001A70130A010213040000130D9000938464FF00
S214001A80930C000293850D0013050900EF60C01843
S214001A901377F50F6362AD0A130707031377F70F83
S214001AA02300EA0093850D001305090013041400B3
S214001AB0EF6000126366B901130A1A00631A9407EE
S214001AC0832701088325C1010325810123243101D1
S214001AD02322F1002320810193880D0013880B0038
S214001AE0930704001307010293060B0013860A00EF
S214001AF0EFF01FD78320C107032481078324410703
S214001B00032901078329C106032A8106832A410681
S214001B10032B0106832BC105032C8105832C41056D
S214001B20032D0105832DC104130101086780000001
S214001B30130905006FF01FF5330797006FF01FF6C7
S214001B40130101F7232821072324410723225107E5
S214001B50232C8105232A91052328A1052326B105D8
S214001B60138A0600232E1106232C8106232A9106AB
S214001B702326310723206107232E7105232AA1007F
S214001B80232CB100232EC10023261109B366F700CB
S214001B90032C01090329C109930D0700138D0700C3
S214001BA0930A0800938C0800639406001379F9FEE4
S214001BB09377094063860700930400006380060855
S214001BC09357590093F71700130410066384070011
S214001BD0130410049309010293040000930B900071
S214001BE0130464FF130B000213860C0093060C000C
S214001BF013850D0093050D00EF30D0011373F50F1C
S214001C0063EE6B0A130303031373F30F2380690059
S214001C1013860C0093060C0013850D0093050D002B
S214001C2093841400EF30C022636A8D016314AC0104
S214001C3063E69D0193891900639C64070327810965
S214001C400326C101832581012322E10003274109E0
S214001C5003254101232421012320E10093880C0061
S214001C6013880A00938704001307010293060A00EC
S214001C70EFF01FBF8320C107032481078324410799
S214001C80032901078329C106032A8106832A410600
S214001C90032B0106832BC105032C8105832C4105EC
S214001CA0032D0105832DC10413010109678000007F
S214001CB0930D0500138D05006FF01FF333038300AB
S214001CC06FF09FF4130101F82328A105232CA1002F
S214001CD0232EB100130D06002324D102130607009D
S214001CE0938607001305070093850700232A9106AD
S214001CF0232631072324410723225107232A91054F
S214001D00232E1106232C8106232821072320610772
S214001D10232E7105232C81052326B105832A01086D
S214001D2093040700138A070093090800938C0800A1
S214001D30EF409032631C0502B727010003A6877B9D
S214001D4083A6C77B1385040093050A00EF409039ED
S214001D50634EA00003A6818083A6C180138504007D
S214001D6093050A00EF40D045635205060324810719
S214001D7023205109832681028325C1010325810181
S214001D808320C10703290107832A4106032B010686
S214001D90832BC105032C8105832DC10493880C0079
S214001DA013880900832C41058329C1061387040084
S214001DB093070A0083244107032A810613060D00B1
S214001DC0032D0105130101086F00004713060000EC
S214001DD0930600001385040093050A00EF40503E6A
S214001DE0138C040013040A006356050037040080B1
S214001DF03344440193FB0A4063940B00930960004C
S214001E00135544011375F57F130515C0EF50503E6A
S214001E1003A6018183A64181EF40504803A6818135
S214001E2083A6C181EF30102C1317C4001357C700C8
S214001E3003A6018283A64182B707F03FB3E7E70017
S214001E40930D05001389050013850400938507008C
S214001E50EF50C02F03A6818283A6C182EF401044B4
S214001E60130605009386050013850D0093050900EB
S214001E70EF305027EF50102813090500EF50503769
S214001E8003A6018383A64183130B0500938D0500EB
S214001E90EF40D04003A6818383A6C183EF30902411
S214001EA0EF50502503A6018483A641842320A10277
S214001EB093850D0013050B00EF40503E130B0500F5
S214001EC003250102938D0500EF50903203A681840E
S214001ED083A6C184EF40903C130605009386050058
S214001EE013050B0093850D00EF50402613060500E2
S214001EF0938605002328A1022326B102EF40103A5C
S214001F00032701038327C102930D0500130607006C
S214001F109386070013050700138B050093850700BB
S214001F20232EE102232CF102EF30D01B03A60185FD
S214001F3083A64185232AA1022328B10213850D001A
S214001F4093050B00EF40401303A6818583A6C18549
S214001F50EF305019130605009386050013850D0013
S214001F6093050B00EF40401103A6018683A6418629
S214001F70EF305017130605009386050013850D00F5
S214001F8093050B00EF40400F832781030327C1030F
S214001F90938D05009386070083A5C1862326A1029C
S214001FA003A5818613060700EF50401A032EC102D0
S214001FB0130605009386050013050E0093850D0095
S214001FC0EF30501203234103832801031306050054
S214001FD0938605001305030093850800EF40C009AB
S214001FE003A6018783A64187EF30D00F832701021F
S214001FF093080000138608009387F73F139747015E
S21400200093060700EF409029138604009306040009
S2140020102320A102938D0500EF40D00C83270102F8
S214002020634CA01A2322B1039307600C930D390664
S214002030B3BDB70193974A01938D4D0063D607044D
S21400204003A6818783A6C187138504009305040031
S214002050EF4050096348051A03A6018883A6418805
S2140020601385040093050400EF409015635C051883
S21400207063563919338929419309F9FF93EA0A40CF
S214002080930D0000130900009308000063F49D01FF
S214002090B388BC4193FB2A0063860B0063840D0063
S2140020A09308000063040902032601028326410206
S2140020B0930504001385040023261103EF30D07B1C
S2140020C08328C102130C05001384050013060000C4
S2140020D0930600001385040093050A0023201103CD
S2140020E0EF40100E8328010263560500B7070080F4
S2140020F033C48700B7F7FFFF832681028325C1011B
S214002100032581019387F77FB3F7FA002320F100B8
S21400211013060D001388090013070C00930704002C
S214002120EF0080111306050063880D0693FA0A0275
S2140021301305500663840A001305500483268102A3
S2140021408325C1018327810113041600938DFDFFAB
S214002150E78007001357F941B34627013387E64067
S2140021608325C10183268102032581019307500040
S214002170130604002322F1002320B1019308000077
S2140021801308A0009357F901EFF01F861306050009
S2140021903304A541639C0B088320C10703248107F1
S2140021A083244107032901078329C106032A8106E0
S2140021B0832A4106032B0106832BC105032C8105C8
S2140021C0832C4105032D0105832DC104130506004C
S2140021D0130101086780000003A6818583A6C185D8
S2140021E01385070093850D00EF3010691309F9FF7A
S2140021F02320A1022322B1026FF01FE393090000FF
S2140022006FF0DFE7E38209E8E3800BE89389F9FFE4
S2140022106FF09FE7832681028325C1018327810112
S2140022201305000213041400E780070033068D0030
S214002230E36294FF6FF05FF6130101F82324A10018
S2140022402326B1002328C100232AD1001306070045
S214002250938607001305070093850700232C810645
S214002260232A9106232821072322510723206107CA
S214002270232E11062326310723244107232E71051A
S214002280232C8105232A91052328A1052326B105A1
S214002290032B0108930407001384070013090800A2
S2140022A0938A0800EF40405B63020506370701008B
S2140022B093080B0013880A00930730001307070ED5
S2140022C00324810783264101032601018325C100DB
S2140022D0032581008320C1078324410703290107C2
S2140022E08329C106032A8106832A4106032B010699
S2140022F0832BC105032C8105832C4105032D010585
S214002300832DC104130101086FF00FC303A681805B
S21400231083A6C1801385040093050400EF40406A3D
S214002320635E05003707010093080B0013880A0058
S214002330930740001307470E6FF09FF8B72701007A
S21400234003A6877B83A6C77B13850400930504003A
S214002350EF404059635AA00293774B00638E070004
S214002360370701001307470D9307400093080B003B
S21400237013880A006FF0DFF4370701001307C70D54
S214002380930730006FF09FFE03A6818883A6C1885E
S2140023901385040093050400EF40C054634EA0006C
S2140023A003A6018983A641891385040093050400CA
S2140023B0EF4000616352050693070400032481077B
S2140023C02320610983264101032601018325C100DC
S2140023D0032581008320C1078329C106032A8106BD
S2140023E0032B0106832BC105032C8105832C410595
S2140023F0032D0105832DC10493880A0013080900E4
S214002400832A410603290107138704008324410712
S214002410130101086FF01F8B1306000093060000DF
S2140024201385040093050400EF408059930C0000C8
S2140024306352050213860400930604001305000089
S21400244093050000EF4090509304050013840500A8
S214002450930C1000137C0B40930B6000630C0C0273
S2140024609307900063F4271713070102930679FF7A
S214002470130C00001306000393050002130C1C0047
S2140024802300C700B30B89416306BC00130717007F
S214002490E316DCFE9305040013850400EF50804528
S2140024A03707010093963B00130787373307D7009B
S2140024B08327070003284700130A0500232CF10092
S2140024C0232E0101EF50C052130605009386050027
S2140024D01385040093050400EF405047032681014E
S2140024E08326C101EF40805B138905009309050030
S2140024F0EF504048130D0500EF50005A1306050034
S214002500938605001385090093050900EF401044E3
S21400251003A6818383A6C183930D050093890500D6
S214002520EF40403C635AA00A130D1D0013050D0032
S214002530EF5080561306050093860500032581019B
S2140025408325C101EF40C0476346A000130A1A0066
S214002550130D000063880B0A130400029304900016
S214002560630C8C02130C1C0093070C029305A0004E
S21400257013050D0033892700EF50006A1305050385
S214002580A30FA9FE9305A00013050D00938BFBFF78
S214002590EF50006463E8A411B30B7C0193060002BD
S2140025A013060003630CDC0813071C0093070C02D9
S2140025B0631E7C0F93060102B387D7009306E002E2
S2140025C02380D7FE130C07006F004007930B09000B
S2140025D0130C00006FF01FEC03A6818383A6C18353
S2140025E013850D0093850900EF40803DE34405F612
S2140025F063060D0093761D00E38E06F4130D1D0092
S2140026006FF05FF513050A00EF50803E13060500D5
S214002610938605001385040093050400EF401033ED
S21400262003A6818383A6C183EF40803963480500F3
S21400263013771A0063040700130A1A001304000233
S214002640630C8C02130C1C0093070C029305A0006D
S21400265013050A00B3842700EF50405F13050503F7
S214002660A38FA4FE9305A00013050A00EF50C055E3
S214002670130A0500E31605FC13773B0093061000CB
S214002680631AD70A63880A0A63960C001377CB008E
S21400269063040700938AFAFF1307000293060003F9
S2140026A06F00C002130D05006FF09FEBB387270085
S2140026B02380C700130C07006FF0DFEE93070C02B1
S2140026C0338627002300D600130C1C0063745C07B7
S2140026D0E316ECFE83264101032601018325C10093
S2140026E00325810093080B0013880A0093070C004B
S2140026F013070102EFF04F848320C10703248107EC
S21400270083244107032901078329C106032A81067A
S214002710832A4106032B0106832BC105032C810562
S214002720832C4105032D0105832DC10413010108E7
S2140027306780000013070002E30EECF863800C02CB
S21400274093070C02130701023387E7009306D002B3
S2140027502300D7FE130C1C006FF0DFF793764B00B8
S214002760638C060093070C02130701023387E70009
S2140027709306B0026FF0DFFD93768B00E38C06F4D1
S21400278093070C0293060102B386D7002380E6FE69
S2140027906FF05FFC630405006F200059678000003F
S2140027A06308050083A7050083A54500678007002A
S2140027B067800000130101FA232A910423282105CB
S2140027C02326310523225105232E1104232C8104B0
S2140027D02324410523206105232E7103232C810326
S2140027E0232A91032328A1032326B103232AB10019
S2140027F09309060093840600930A07001309050050
S214002800639605003719000013094973930D0000FD
S214002810930C30026F00C073930750029384140029
S214002820630CF5008325410113841D00938609007F
S21400283013860D006F00C066130300001307B00276
S21400284083C7040093861400638AE7046366F7026E
S214002850130600026388C704638A9705138707FD7B
S2140028601377F70F130690006366E60A130A000054
S214002870930690006F0080051306D002638CC70095
S21400288013060003E39CC7FC13631300938406003F
S2140028906FF01FFB136323006FF05FFF13634300AB
S2140028A06FF0DFFE136383006FF05FFE13630301B8
S2140028B06FF0DFFD93172A00B38747019397170041
S2140028C0938707FD330AF7009304060003C7040046
S2140028D013861400930707FD93F7F70FE3FCF6FC47
S2140028E003C704009307E002130B00006314F70A03
S2140028F083C614001306900093871400138706FD02
S2140029001377F70F136303406366E606130690001B
S2140029106F0080041307A002130A0000E392E7FC8E
S21400292003AA0A0093874A0063560A00136323002B
S214002930330A404193840600938A07006FF05FFADB
S21400294093172B00B387670193971700938707FDAC
S214002950338BF6009387050083C607009385170020
S214002960138706FD1377F70FE37CE6FC93840700D6
S2140029706F0040021307A002E39AE6FE03AB0A00CC
S21400298093874A0063540B00130B000093842400C3
S214002990938A070083C704009306C00613871400B3
S2140029A06386D70663E8F60493068006638AD7062E
S2140029B09306A0066382D708138704000345070022
S2140029C093075006930417006306F51263EEA70EEE
S2140029D0930760046300F52863ECA70A9307500288
S2140029E06306F54A93075004E31EF5E213630302F9
S2140029F06F004010930640076386D7009306A00733
S214002A00E39CD7FA136303106FF05FFB83C61400D2
S214002A10E39AF6FE13630330138724006FF01FFA61
S214002A2083C614006386F600136303086FF01FF96D
S214002A301363030C6FF05FFE136303206FF01FF841
S214002A40130775F993071000B397E7003797000050
S214002A5013071704B3F7E700639A070C93073007CA
S214002A606308F52E93070007E31EF5DA13631302D7
S214002A709307800003A70A0013844A0023226100FC
S214002A802320F10093080B00130800016F00801943
S214002A90930730066300F520930740066304F50AA3
S214002AA093078005630AF50A930720066300F5403E
S214002AB093077004E318F5D6B717000093870780CE
S214002AC03363F3006FF09FF293068007E3ECA6D41F
S214002AD093078006E3E6A7F693076006630EF516EF
S214002AE093077006E310F5D4B717000093870780A6
S214002AF03363F30093877A0093F787FF03A70700F3
S214002B00938A87008325410183A7470093080A001C
S214002B102320610013080B009386090013860D001E
S214002B2013050900EFF00F9A6F0040169307F006A2
S214002B306312F538130880006F0080021308000146
S214002B406306D5001373F3FE1308A0009307400630
S214002B50630CF5366F00C000136303021308000110
S214002B60137333FF6F0040369377031013844A00C5
S214002B70638E070283A70A0013D7F741B346F70010
S214002B80232261002320410193080B0093D7F7010D
S214002B903387E640832541019386090013860D009E
S214002BA013050900EFE05FE46F00003A13770304B3
S214002BB083A70A006306070093F7F70F6FF0DFFBA3
S214002BC013770308E30A07FA9397070193D7074199
S214002BD06FF09FFA638A0702938A7A0093FA8AFF55
S214002BE003A70A0083A74A009308080013848A00F4
S214002BF023266100232441012322610123200100B2
S214002C00130800006F0000339377031013844A0004
S214002C10638E070003A70A002322610023204101D8
S214002C2093080B00930700006FF0DFF6937703041A
S214002C3003A70A00638607001377F70F6FF0DFFD20
S214002C4093770308E38A07FC131707011357070156
S214002C506FF09FFC1363030293877A0093F787FF56
S214002C6003A70700938A87008325410183A74700AF
S214002C7093080A002320610013080B0093860900BE
S214002C8013860D0013050900EFF00FDB930D05000A
S214002C906F00002C13742300930B100063160404BB
S214002CA0130D00006F004001832541019386090043
S214002CB013050002E70009003306BD01130D1D00D1
S214002CC0E3644DFF333740019307000063040A00B6
S214002CD09307FAFFB38DFD009307200063040700F7
S214002CE093071A00938B07008325410103C50A004A
S214002CF09386090013860D00138D4A00138B1D0062
S214002D00E70009006300040413840B0013060B009D
S214002D106F00000283254101938609001305000217
S214002D20930A1600E70009001304140013860A002D
S214002D30E36244FF9306000063647A01B3067A41B7
S214002D40330BDB00930A0D00930D0B006F00402041
S214002D5003AC0A00138D4A009307F0FF63040B00D0
S214002D6093070B003307FC0093070C0083C607008D
S214002D70638406006316F702937A0340B38B874199
S214002D8063860A0063747B01930B0B0013742300A5
S214002D906310040613860D003383BB416F004003A7
S214002DA0938717006FF09FFC8325410113071600D9
S214002DB0232E6100232CE1009386090013050002F0
S214002DC0E7000900032781010323C101130607005A
S214002DD03307C300E36A47FD1307000063647A0104
S214002DE033077A4193871B00B38DED00B30BF700D2
S214002DF013870D006F008002138B060083254101A8
S214002E0013031700232C610013060700938609009E
S214002E10E70009000323810113070300B306B74147
S214002E20B306DC0003C5060063080500E3880AFC59
S214002E309306FBFFE3120BFC63040404130607006F
S214002E403384EB406F00400283254101232CE100D0
S214002E509386090013050002930A1600E70009008E
S214002E600327810113860A00B3068600E3EE46FDBB
S214002E709306000063647A01B3067A413307D700ED
S214002E80930A0D00930D07006F00800C8325410107
S214002E9013841D009386090013860D001305500247
S214002EA0E7000900930D04006F00800A1308200055
S214002EB06FF01FCBE3E4A7C8930790061373F3FEE7
S214002EC01308A000E314F5C8937703406384070053
S214002ED01373E3FF13079006937703206306E5005A
S214002EE013074006E318E5CEE38007C8938A7A0006
S214002EF093FA8AFF83A54A0083A60A00930808006F
S214002F0013D6F541B346D600B347B6003387C6405E
S214002F10B3B6E600B387C74013848A002326610051
S214002F2023244101232261012320010013D8F50147
S214002F30B387D740832541019386090013860D0089
S214002F4013050900EFE0DFBF930D0500930A0400A8
S214002F5003C50400E312058C13860D0063E43D01EF
S214002F601386F9FF832541019386090013050000A7
S214002F70E70009008320C105032481058324410559
S214002F80032901058329C104032A8104832A4104F5
S214002F90032B0104832BC103032C8103832C4103E1
S214002FA0032D010313850D00832DC10213010106B5
S214002FB067800000130101FC2326D102930605005A
S214002FC0372500002322B1022324C1022328E10270
S214002FD093058100130741021306F0FF1305457998
S214002FE0232E1100232AF102232C0103232E110382
S214002FF02326E100EFF00FFC8320C101130101043A
S21400300067800000130101FC2326D1029386050089
S21400301093050500371500002324C1022328E1028A
S2140030201306F0FF1307810213054572232E1100C5
S214003030232AF102232C0103232E11032326E10069
S214003040EFF04FF78320C1011301010467800000F1
S214003050130101FC2326D102930606001386050001
S21400306093050500371500002328E1021305457275
S2140030701307C102232E1100232AF102232C010379
S214003080232E11032326E100EFF0CFF28320C101A7
S2140030901301010467800000130101FE930605007A
S2140030A037250000138705001306F0FF9305C100BF
S2140030B013054579232E1100EFF0CFEF8320C101D1
S2140030C013010102678000001387060093060600BE
S2140030D01386050093050500371500001305457295
S2140030E06FF04FED130101FC2324A10037250000EB
S2140030F02326D1022328E1022326B1001307C102AA
S21400310093060600930581001306F0FF1305057A63
S214003110232E1100232AF102232C0103232E110350
S2140031202322E100EFF00FE98320C101130101041F
S21400313067800000131535003305B50093170501A9
S21400314093D707411305000063C6070203A7018A49
S2140031501307F7FF1367873F1305070013170701C9
S2140031601357074163D4E7001385070013150501BD
S2140031701355054113150501135505016780000019
S21400318013158501130101FF1355854123261100F0
S2140031902324810023229100EFF0DFF993543500B9
S2140031A09394040193D40401130405009305C0000E
S2140031B013850400EF40502603A7018A93170501E4
S2140031C093D70701939737001307F7FF93970701E5
S2140031D03374E40093D70701B3E78700939707019A
S2140031E093D707013704010093971700138504004F
S2140031F01304843C9305C0003304F400EF40501DD4
S2140032009307F5FF035504008320C10003248100C3
S2140032109397B7003365F500131505018324410025
S2140032201355050113010101678000001315850180
S214003230130101FF13558541232611002324810025
S2140032402322910023202101EFF0DFEE13593500F1
S2140032501319090113590901930405009305C000C9
S21400326013050900EF40501B131405019305C00019
S21400327013050900EF40D01583A7018A13540401F3
S214003280131434009387F7FF13140401B3F4F40007
S2140032901354040133649400131404011317050136
S2140032A013540401B7070100135707011314140041
S2140032B09387873CB38787009306B7FF03D5070C31
S2140032C063D4060293075000B387E7403355F500F2
S2140032D08320C100032481008324410003290100C8
S2140032E013010101678000003315D5006FF05FFE03
S2140032F0130101FF23261100EFF05FF3930505008D
S2140033003705CF03EF40D00C8320C100135555007E
S214003310131505011355050113010101678000000F
S214003320130101FF23261100EFF09FFC8320C1004C
S2140033301355450013150501135505011301010129
S21400334067800000130101FF23261100EFF05FFDE8
S2140033508320C100135515001315050113550501EB
S2140033601301010167800000130101FF23261100ED
S214003370EFF01FF88320C100135575001375F50F85
S2140033801301010167800000130101FD232481025F
S2140033902326B100232611022322910213040500DE
S2140033A0EF004074B757726B9387D7448325C100EC
S2140033B0631AF50013054400EF00407D93040500F2
S2140033C0930584008320C102032481021385040030
S2140033D0832441021301010367800000130101FEEC
S2140033E0232821011309050013850500232A9100CF
S2140033F0232E1100232C810093840500EF00806E9D
S214003400B75768649387D7446312F506138544005C
S214003410EF00406D13858400EF00806B6312050695
S2140034201385A400EF008076130405001385E400DE
S214003430EFF09FF5638C050413170401135707017B
S214003440930700008320C101032481012320F90093
S2140034502322E9002324B90083244101130509002F
S214003460032901011301010267800000B70701006C
S2140034709387C70E13070000930500006FF09FFCAC
S214003480B70701009387C7106FF0DFFEB70701008C
S21400349093870715130700006FF0DFFA9306050001
S2140034A0130640001305000083A7060003C70700A5
S2140034B09387170023A0F6009315870193D58541BF
S2140034C09317750063C605003305F7006780000094
S2140034D01377F7071306F6FF3305F700E31606FC27
S2140034E06780000083A70500130101FE232C8100DE
S2140034F0232A910023282101232E1100232631019F
S21400350083C907009387170023A0F50093040500DE
S214003510138505001384050013090600EFF01FF855
S2140035209307F002638EF90693071005032704003D
S214003530639EF90483470700834617001307370086
S2140035409397070193968600B3E7D7008346F7FF65
S2140035502320E40013071000B3E7D7008320C1013F
S2140035600324810123A4240123A0E40023A2040051
S21400357023A6F400032901018329C1001385040052
S2140035808324410113010102678000003307A7006E
S2140035902320E40013073000930700006FF01FFCA1
S2140035A0130720006FF05FFF03A8050093080005CF
S2140035B0834708006384171563E0F8069308B00095
S2140035C06386171163ECF802638C070893086000A3
S2140035D0638A170B930700001306000013073000DA
S2140035E01308280023A005012320E5002322C50098
S2140035F02324D5002326F5006780000093080002E8
S214003600638C170D13074004E396E7FC8347180006
S2140036101307C0006FF0DFFC93088007638E170F58
S21400362063E2F802930840066380170F930850067B
S214003630E39217FB834718003307C7002309F700F8
S2140036406FF05FF913079007638EE70C1307B00758
S214003650E392E7F8930700001307B0006FF05FF8F7
S214003660131616003307C700834707002310F7001A
S2140036700346180013168600B3E7C7002310F700AA
S2140036806FF05FF53307C70083072701834887017C
S2140036909397770093F8F807B3E717019397070116
S2140036A093D70741638E0700374600001306F6FFE0
S2140036B0E392C7F223090700230C07006FF09FF17F
S2140036C083471800130780006FF09FF183471800A8
S2140036D0130760006FF0DFF0131616003307C700FD
S2140036E08357070093F707F09397070193D70701CF
S2140036F02310F700034618006FF01FF883471800E2
S2140037001307D0006FF0DFED834718003307C700BC
S214003710230CF7006FF01FEC930700001307A000C0
S2140037206FF01FEC93070000130790006FF05FEB3D
S214003730130101FE232C81001304050013850500E8
S214003740232A910023282101938405002326310192
S214003750232E110023244101EFF05FD483A7040039
S2140037601306000C1309050083C60700138717000D
S21400377023A0E40013F7060F93F9F6006308C710BA
S2140037806368E6061306000A6304C70C6362E60471
S21400379093F6060E130700086390E6049386270048
S2140037A003C7170023A0D40083C62700131787007B
S2140037B09387370023A0F40023200400232234013B
S2140037C02324A4003367D7002326E4006F000006F6
S2140037D09307000B6300F704930730002320F400E0
S2140037E02322040023242401232604006F0000045F
S2140037F01306000E6302C7061306000F630AC70E01
S2140038009306000D93872700E318D7FC23A0F40047
S2140038106FF09FFC930605001387C18B1386090083
S2140038209385040013050400EFF01FD88320C10120
S21400383013050400032481018324410103290101A7
S2140038408329C100032A810013010102678000005A
S214003850938737006FF09FFB03C7270083C61700C8
S21400386093873700131777003367D70013170701BE
S21400387023A0F40093077000135707412320F40099
S214003880232234012324A4006FF01FF49397190019
S214003890138AC18B330AFA0003560A003705010063
S2140038A09385090013054517EFF0CFF037050100A3
S2140038B013050519EFF00FF083A704002322340147
S2140038C02324240103C707009387170023A0F400CE
S2140038D083570A00B337F00093977700B3E7E70003
S2140038E0130750002320E4002326F4006FF01FF493
S2140038F09307700F638EF6029307F00F6384F60A41
S214003900E39CE6EC13850400EFF05FB993075000E4
S214003910630AF5029306700F03A7040093071700C7
S2140039200347070023A0F400E308D7FE6FF0DFEAA2
S21400393013850400EFF09FB683A70400B387A700A3
S2140039406FF0DFEC03A7040023242401834607005E
S21400395083471700034627008345370013075700A1
S21400396023A0E400130740002320E40013D74600FA
S2140039702322E400371700009397070193F5F5001C
S21400398093968600130707F0B3E7B700B3F6E60092
S21400399013164600B3E7D7001376F60FB3E7C70053
S2140039A06FF09FF4130605009385040013050400CA
S2140039B0EFF05FB36FF09FE7832685000326450090
S2140039C08325050037050100130545196FF08FDEC6
S2140039D0B727010093878777B387A7002380B700B0
S2140039E067800000130101FF2324810013040500F3
S2140039F0370501001305051E23261100232291001A
S214003A0093840500EFF00FDB370501001305051959
S214003A10EFF04FDAB727010093878777B3878700E1
S214003A2083C507001305100093F5F50F63840400A3
S214003A301385040013150501B7E7FFFF13550501AD
S214003A403305F500EF40400DB72500009385F5FFE0
S214003A5013153500EF404017131505011314140015
S214003A609387C18D33848700135505418320C10099
S214003A702310A400032481008324410013010101C4
S214003A8067800000131515009387C18DB387A700C4
S214003A9003D507001315050113550541678000007F
S214003AA093071500370501009397570013058554B3
S214003AB03305F50067800000930715003705010001
S214003AC093975700130585543305F500678000006B
S214003AD083471500034705009397870033E5E70003
S214003AE0678000000347150083470500131787000B
S214003AF03367F70083472500034535009397070192
S214003B00B3E7E700131585013365F500678000000D
S214003B1083471500034705008346550093978700A3
S214003B20B3E7E70003472500939686000346350073
S214003B30131707013367F700834745008345750071
S214003B4013168601B3E6F600834765009395850154
S214003B503365E60093970701B3E7D700B3E5F500B2
S214003B60678000008347150003470500939787008A
S214003B70B3E7E7001395870093D787003365F50012
S214003B8013150501135505016780000083470500DE
S214003B90034715009397870113170701B3E7E7005C
S214003BA00347350003452500B3E7E70013158500F6
S214003BB033E5A7006780000083470500034715002C
S214003BC0834625009397870113170701B3E7E7009D
S214003BD093968600B3E7D7008346450003477500F3
S214003BE083453500939686013367D7008346550094
S214003BF003456500B3E5B700939606013367D70023
S214003C00131585003365A70067800000930505003F
S214003C10130580026F005047130101FF2324810023
S214003C2023261100B385A5009307F000A3840502A0
S214003C30A381F502238E05009305200013040500DA
S214003C40EFF01FD913050400032481008320C10070
S214003C50B7250000130101016FF0DFD8130101FF43
S214003C60232611002324810023229100130405003B
S214003C7093840500EFF01FE193050500138504000B
S214003C80EFF00FD09304050093558500130544FA12
S214003C9093F5F50F1375F50FEF00103F130404FAB4
S214003CA01375F40F032481008320C10093F5F40FED
S214003CB083244100130101016F00103D130101FF31
S214003CC023248100232611002322910093F7F50771
S214003CD03304A600639407028347940263960700A2
S214003CE0EFF0DFF2230B04008320C10003248100E1
S214003CF083244100130101016780000093D58500ED
S214003D0093F4F50793850400EFF05FF5834794027C
S214003D10230894006386070083476401E39607FC44
S214003D208345040013058002EF0010369307100049
S214003D30230BF4006FF05FFB130101FF23248100C7
S214003D4013040500130535001375F50F23229100A3
S214003D502320210193840500232611001309060061
S214003D60EFF05FD29307200093050500630EF90875
S214003D7063E8270563160906138504001314140068
S214003D80EFF00FD71374F40F9375F50F9304050037
S214003D9013050400EF00502F93D58400130414007D
S214003DA093F5F50F1375F40F032481008320C100EB
S214003DB08324410003290100130101016F00D02C68
S214003DC0930730006308F9048320C10003248100B0
S214003DD083244100032901001301010167800000CC
S214003DE013850400EFF00FD69375F50F1304050046
S214003DF01305B000EF0050299355840093F5F50F96
S214003E001305C0006FF05FFA13850400EFF04FD182
S214003E106FF09FFD13850400EFF00FD593050500A6
S214003E20130560006FF05FF8130101FF9307900021
S214003E302322F100930720012324F1009307400278
S214003E402326F1009307200063ECB700638E05007D
S214003E5013058500930500001375F50F6F00C0026B
S214003E60930730006396F5021315250093070501A6
S214003E703385270083452602834745FF13057000D8
S214003E80B3E5F5002301B602130101016F00D01F50
S214003E901301010167800000130101FF2324810044
S214003EA02322910023261100930720009304050087
S214003EB01384050063E2A702EFF05FD53304940095
S214003EC08320C100230B04000324810083244100C7
S214003ED0130101016780000093075000E3E0A7FE8E
S214003EE01305D5FF93172500B387F5001386050045
S214003EF083A547001375F50FEFF01FF36FF01FFC57
S214003F00130101FC9307E0032324F1009307D00379
S214003F102326F1009307B003232C81022328F10007
S214003F2013040500930770031305D5FF232AF10039
S214003F301375F50F9307F00223263103232CF100A7
S214003F40931925009307F001232EF100B3073601DD
S214003F502324410323225103232E110283AA470060
S214003F60232A91022328210393F7F507330A8600B4
S214003F70639E070283479A026398070093850A00A8
S214003F80EFF09FEA230B0A008320C103032481037A
S214003F9083244103032901038329C102032A8102E2
S214003FA0832A4102130101046780000093D585002F
S214003FB013F9F507930406009305090013860A0013
S214003FC0EFF09FD783479A0223082A0163860700EB
S214003FD083476A01E39A07FA130454009307200004
S214003FE01374F40F6384FA0663E057059305E00044
S214003FF063900A0693870902B389270003A789FE00
S21400400083C7240213050400B3F7E7002381F402F4
S21400401083453A02EF00500783C52402130570005B
S214004020EF0090066F00C000930730006388FA0028
S21400403093071000230BFA006FF01FF59387090211
S214004040B389270003A749FF6FF09FFB9305C000C5
S2140040501305D000EF00500393050001130504007C
S2140040606FF01FFCB307A6008387C70113D7850030
S2140040701377F7073307F7009307070013170701AF
S214004080135707419306F00763D4E6029307F00739
S214004090939787009397070193D7070193F5F50742
S2140040A0B3E5B7009307200063ECA7006FF01FC1CD
S2140040B013970701E35E07FC930700006FF05FFDB0
S2140040C09307500063E4A7006FF09FE3678000004B
S2140040D0130101FE232C8100232E1100232A9100B8
S2140040E023282101232631012324410193072000A0
S2140040F01304050063E2A70613F5F50FEFF0DF9B48
S214004100930405009309150013090003130A000918
S21400411083C50900330524011375F50F13094900FB
S214004120EF00807693891900E31449FF130404FB1B
S2140041301375F40F0324810183C594018320C10104
S21400414083244101032901018329C100032A810038
S214004150130101026F0040739307300063F4B70049
S214004160930500001304D4FF131424008320C10118
S21400417033068600032481012322B60083244101EE
S214004180032901018329C100032A810013010102CA
S214004190678000009307200063F0A706130101FF65
S2140041A093F5F507232481002322910013944500FC
S2140041B0B304A6003304B44083C764011304740830
S2140041C013547440232611001374F40F638A0700F7
S2140041D013055500930504001375F50FEF00C06A2C
S2140041E0A38184028320C10003248100832441002C
S2140041F0130101016780000067800000B717040CF8
S214004200130101FF938707802322F100B717050DDE
S21400421093871790138705002324F100B717060E1F
S214004220938727A0135707012326F1001377F70F6C
S2140042309306400093D7850093F5F50F630CD708D7
S21400424063E2E6041308200093F7F70F93162500A1
S214004250630A0705130830006302070763160700A2
S2140042603306A6002300B60013870601B306270010
S214004270B386F60003C546FF130505031375F50F51
S2140042806F00000B930660006306D7089306700065
S2140042906304D70A93065000630ED7041301010186
S2140042A06780000013870601B3062700B386F60072
S2140042B003C546FF130505046FF05FFC1387060170
S2140042C0B3062700B386F60003C546FF13050505AB
S2140042D06FF0DFFA131525001307050193F7F70FA4
S2140042E0330527003305F500034545FF130505068E
S2140042F06FF0DFF8131525001307050193F7F70F86
S214004300330527003305F500034545FF130505076C
S2140043106FF0DFF6131525001307050193F7F70F67
S214004320330527003305F500034545FF134505080B
S214004330130101016F0040551315250013070501F1
S21400434093F7F70F330527003305F500034545FFC0
S214004350130505FB6FF09FF2130101FE930705009E
S214004360232C810003A7070003244500232E1100F9
S214004370232A9100930680001375F40F630AD70E64
S21400438063ECE604930650006304D70C63E2E6028F
S2140043906300070A930640006302D7168320C10114
S2140043A00324810183244101130101026780000078
S2140043B09306600083A5C700B72401006316D70CD8
S2140043C0032481018320C10113864478832441019C
S2140043D0130101026FF01FDC9306C0006300D714C0
S2140043E063E4E602B72501009307900093854578BD
S2140043F06308F714032481018320C101832441014B
S214004400130101026FF05FA99306D000E318D7F8F6
S21400441083A7C700372701001374F40F13074778E4
S21400442033078700938707FC230EF7006FF01FF70C
S214004430032481018320C1018324410183A5C70091
S2140044403726010013064678130101026FF09FC15C
S214004450032481018320C1018324410183A5C70071
S2140044603726010013064678130101026FF05FC677
S214004470032481018320C1018324410183C5C70031
S214004480130101026FF0CFD49395050193D5050172
S2140044902326A1001374F40FEFF0CFD4938444784E
S2140044A0B387840003C76701E30A07EE0325C1004C
S2140044B083C507019307200063ECA700032481014E
S2140044C08320C10183244101130101026FF00FF91B
S2140044D01304D4FF13142400B3848400032481013E
S2140044E003A644008320C101832441011305D5FFA0
S2140044F01375F50F130101026FF01F840324810169
S2140045008320C1018324410183A5C700372601000B
S21400451013064678130101026FF05FCE83A7C7002B
S214004520372701001374F40F1307477893B707046F
S2140045303307870093B71700A304F7026FF01FE650
S214004540032481018320C101832441011301010258
S2140045506FF08FEC130101FE232C8100232A9100BB
S214004560232E110013040000930460002322810010
S2140045701305010013041400232001002324010066
S21400458023260100EFF05FDDE31294FE8320C101D5
S2140045900324810183244101130101026780000086
S2140045A0130101FE232C8100232A910023282101D8
S2140045B0232E1100130400001309900093046000DA
S2140045C02322810013050100130414002320210177
S2140045D02324010023260100EFF01FD8E31294FEE7
S2140045E08320C101032481018324410103290101A1
S2140045F013010102678000009307C00063EEA70066
S214004600B72701001315250093878754B387A700A3
S21400461003A5070067800000370501001305C51EC7
S21400462067800000130101FF2324810013040500A6
S2140046300325050023261100EFF01FFC0327C40006
S2140046408326840003264400032481008320C100BF
S21400465093050500370501001305451F13010101E9
S2140046606FE05F95130101FF832545002324810039
S21400467013040500370501001305C5232326110082
S214004680EFE05F9303250400EFF01FF70326C40056
S214004690032481008320C10093050500370501002F
S2140046A013054524130101016FE0DF9083A7050081
S2140046B003A74500130101FE232C8100232A910045
S2140046C023282101232E110013F9F70F23200100C0
S2140046D023220100232401002326010093F7F70F6D
S2140046E093065000130405009374F70F6388D70CE5
S2140046F063EAF606130710006388E70A130740000C
S2140047006384E70A638E070693070000130700001A
S2140047109306000013062000939646002320C4004C
S21400472093E61600930501001305440013060001E6
S21400473023012101A30191002310D1002322E100CF
S2140047402324F100EF00805A8320C10113050400E2
S214004750032481018324410103290101130101027D
S2140047606780000013076000638EE70C1307700075
S214004770E39CE7F803A7C500930700006F0000025C
S21400478083A6C50037060100130606F013978600B9
S2140047903377C70093D686003367D700930640006A
S2140047A0130660006FF05FF703A7C50093070000CD
S2140047B093065000130670006FF01FF69307200054
S2140047C003C5C50063E6E704EFF08FAD0347B50108
S2140047D08347C5018346E5011317870093970701B2
S2140047E03367F7008347D501939787013367F70050
S2140047F08347A5013367F7008347F5019397870042
S214004800B3E7D700930680001306A0006FF0DFF032
S2140048109307300063E2A702B727010013152500AF
S2140048209387C757B387A70083A7070003A7070088
S21400483083D747006FF01FFDB70701009387C73285
S2140048406FF0DFFE03A7C500930700009306300055
S214004850130650006FF05FECB7F5FA02130101FF84
S2140048609385050823261100EF30002B8320C10016
S214004870130101016F00403B1335350067800000CF
S2140048801305000067800000130101FF2324810048
S2140048902322910013860500930405001384050067
S2140048A0930505003705010013054535232611003D
S2140048B0EFE04FF03705010013050519EFE08FEF25
S2140048C0EF00803C13850400EF00403E1305040013
S2140048D0EF00C03F032481008320C10083244100F1
S2140048E0130101016F00403A130101B92328614505
S2140048F0371B000023202147232E3145232A51450C
S214004900232291452320A1452326114623248146B0
S21400491023229146232C4145232671452324814595
S214004920232EB1431309050093890500130D0000DB
S214004930930C1000930A4000130B1B02130A090085
S214004940930D000093040000930B1000130C20003E
S21400495013051000EF0080426304551563ECAA04AB
S214004960630495076304851313056000EF00003F9A
S214004970130D00008320C14603248146832441464C
S214004980032901468329C145032A8145832A4145D7
S214004990032B0145832BC144032C8144832C4144C3
S2140049A0832DC14313050D00032D01441301014758
S2140049B06780000093078001E318F5FA13051000DE
S2140049C0EF00C03B6FF05FFA130600082304A10255
S2140049D09307560013041000130510002326C10089
S2140049E02324F100EF008039930781023387870084
S2140049F0832781002300A700130414000326C100A8
S214004A00E36CF4FC8347A1020345910293C7F7FFCA
S214004A1093F7F70F631EF51C9306160093058102A5
S214004A20930700001308F0FF03C735001304800047
S214004A3013178700B3C7E7009397070193D70701BB
S214004A4013970701135707416356070413171700F8
S214004A5033476701931707011304F4FF93D7070141
S214004A60E31004FE9386F6FF93851500E39E06FB8F
S214004A706390071893F7F40F630EF50213055001C1
S214004A80EF00C02D930D04006FF09FEC130600405E
S214004A906FF0DFF393971700939707016FF0DFFB34
S214004AA013056000EF00802B13053004EF00002B89
S214004AB06FF0DFE8639A0410930730001307700066
S214004AC093068102B386F60083C60600639C060042
S214004AD093871700E396E7FE13056000EF000028B3
S214004AE06FF05FE91307B1029307C106834607001C
S214004AF013071700639C0606930700009305000241
S214004B0013060001B306F70083C606006386B600E8
S214004B106392C706930700019387074213070101B4
S214004B20B387E700238407BE93060002930781013C
S214004B3003C7070093871700E30CD7FE130D00008A
S214004B4013069000130707FD6370E60463FCA905CF
S214004B5013058001EF00802013058001EF00002080
S214004B6013051000EFF05FCF6FF09FE0E310F7F84B
S214004B706FF09FF8130581013305F5002300D5007B
S214004B80938717006FF01FF893162D00B386A601C3
S214004B909396160093871700338DE60003C7F7FF3A
S214004BA06FF05FFA13056000EF00401B130550011D
S214004BB063840B0013053004EF00401A930B0000CB
S214004BC0938414006FF01FECB30DCA00B3872D4119
S214004BD0E3E0F9F89305B10213050A00EF000011AF
S214004BE013056000EF008017138A0D006FF05FFD5D
S214004BF063860400938D1D00E3ECBAF513053004BC
S214004C00EF00C01513840D006FF0DFE7678000002B
S214004C1023000500232205002324050067800000EA
S214004C20678000006780000083A7818B639E070073
S214004C30B7C70002938787FF83A7070023AAF18AD6
S214004C409307100023ACF18A37C70002832787FF3B
S214004C5003A6418B130787FF93971700B387C740B8
S214004C603385A700832707006376F50083270700B0
S214004C70E3CE07FE83270700E37EF5FE83270700C3
S214004C8023AAF18A67800000B7C7000203A587FF42
S214004C90678000001305000067800000B707FFFF6D
S214004CA003A5070213751500678000003707FFFF8E
S214004CB0130707028327070093F71700E39C07FEF6
S214004CC0B707FFFF2382A702678000003707FFFFB2
S214004CD0130707028327070093F71700E39C07FED6
S214004CE0B707FFFF2384A702678000003306C500CE
S214004CF0930705006394C7006780000003C705009C
S214004D009387170093851500A38FE7FE6FF09FFE2D
S214004D103306C5006314C500678000002300B50095
S214004D20130515006FF01FFFB71700802380A7003C
S214004D30678000003707FFFF1307870083270700F9
S214004D4093F71700E38C07FEB707FFFF03C50700BE
S214004D506780000013050000678000003707FFFF2C
S214004D60130787008327070093F78700E39C07FE57
S214004D70B707FFFF2382A700678000006344050093
S214004D806FF05FFB67800000130101FEB707FFFFAF
S214004D90232601009387870083A70700232E110090
S214004DA0232C8100232A910093F7170063860704BB
S214004DB0B707FFFF83C7070093040500130410001E
S214004DC02306F100634E94000325C1008320C10131
S214004DD0032481018324410113010102678000003E
S214004DE0EFF05FF59307C100B38787002380A70025
S214004DF0130414006FF01FFD1305F0FF6FF01FFD86
S214004E00130101FE232C8100232A9100232E11007A
S214004E10930405002326010013040000634E94004B
S214004E208320C101032481010325C100832441019D
S214004E301301010267800000EFF0DFEF9307C10067
S214004E40B38787002380A700130414006FF01FFDAC
S214004E50130101FD232C4101232611022324810284
S214004E602322910223202103232E3101232A5101DC
S214004E702328610123267101232481012322910125
S214004E80130A050063940638B72701009309060045
S214004E90930405009387875C63F8C5123707010003
S214004EA0138905006378E6101337061013371700CA
S214004EB013173700B356E600B387D70083C707003B
S214004EC093060002B387E7003387F640638CF6004C
S214004ED03399E500B357FA00B319E60033E9270122
S214004EE0B314EA0093DA090193850A001305090052
S214004EF0139B0901EF20D04D135B0B0193050500B2
S214004F00130A050013050B00EF20104113040500DB
S214004F1093850A0013050900EF20105013150501AC
S214004F2013D704013367A70013090A00637E8700BE
S214004F303387E9001309FAFF636837016376870051
S214004F401309EAFF330737013304874093850A00C5
S214004F5013050400EF20D04793050500130A05004B
S214004F6013050B00EF20503B130B050093850A003A
S214004F7013050400EF20504A93940401131505010D
S214004F8093D40401B3E4A40013070A0063FC64018D
S214004F90B38499001307FAFF63E6340163F46401EF
S214004FA01307EAFF93170901B3E7E70013090000A8
S214004FB06F000012B706000113078001E37CD6EEEF
S214004FC0130700016FF01FEF13070000630C0600C5
S214004FD037070100637CE6121337061013371700F5
S214004FE013173700B356E600B387D70083C707000A
S214004FF093060002B387E7003387F6406392F61203
S214005000338AC5401309100013DB090193050B0012
S21400501013050A00939B0901EF20903B93DB0B01DD
S21400502093050500130C050013850B00EF20D02E0A
S214005030930A050093050B0013050A00EF20D03DE8
S2140050401315050113D704013367A700130A0C00D4
S214005050637E57013387E900130AFCFF6368370154
S21400506063765701130AECFF3307370133045741C1
S21400507093050B0013050400EF20903593050500FB
S214005080930A050013850B00EF201029930B0500EB
S21400509093050B0013050400EF20103893940401C9
S2140050A01315050193D40401B3E4A40013870A0082
S2140050B063FC7401B38499001387FAFF63E6340136
S2140050C063F474011387EAFF93170A01B3E7E70056
S2140050D08320C10203248102832441028329C10163
S2140050E0032A8101832A4101032B0101832BC1007E
S2140050F0032C8100832C41009305090013850700CB
S214005100032901021301010367800000B7060001AE
S21400511013078001E378D6EC130700016FF09FECCD
S214005120B319E60033D9F50093DB0901B395E50022
S214005130B357FA00B3EAB700B314EA0093850B003E
S21400514013050900139A0901EF209028135A0A0143
S21400515093050500130B050013050A00EF20D01B6E
S2140051601304050093850B0013050900EF20D02AD1
S2140051701315050113D70A013367A70013090B009F
S214005180637E87003387E9001309FBFF63683701F6
S214005190637687001309EBFF330737013304874034
S2140051A093850B0013050400EF209022930505005D
S2140051B0130B050013050A00EF201016130A05004E
S2140051C093850B0013050400EF20102593970A0122
S2140051D01315050193D70701B3E7A70013070B00C4
S2140051E063FE4701B387F9001307FBFF63E8370147
S2140051F063F647011307EBFFB3873701131909015D
S214005200338A47413369E9006FF01FE063EED51E2D
S214005210B707010063F4F60413B706101337170038
S21400522013173700B727010033D5E6009387875C4E
S214005230B387A70003C80700930700023308E800F7
S214005240338907416396070393071000E3E2B6E845
S214005250B337CA0093B717006FF09FE7B707000190
S21400526013078001E3F0F6FC130700016FF09FFBC5
S214005270B3962601335B0601336BDB00B3D405011E
S214005280135C0B0133580A01B3952501B369B800C6
S2140052901385040093050C00931B0B0133142601A1
S2140052A093DB0B01EF20D01293050500930C05004D
S2140052B013850B00EF205006930A050093050C009B
S2140052C013850400EF2050151315050193D6090128
S2140052D0B3E6A60093840C0063FE5601B306DB001B
S2140052E09384FCFF63E8660163F656019384ECFF43
S2140052F0B3866601B38A564193050C0013850A00EF
S214005300EF20100D93050500930C050013850B0088
S214005310EF209000930B050093050C0013850A0000
S214005320EF20900F13970901131505011357070176
S2140053303367A70093860C00637E77013307EB0084
S2140053409386FCFF63686701637677019386ECFFBC
S2140053503307670193970401370E0100B3E7D700C0
S2140053601303FEFFB3F86700337364003307774117
S21400537093DE070113540401138508009305030008
S214005380EF208079130805009305040013850800B4
S214005390EF208078930805009305030013850E0020
S2140053A0EF208077130305009305040013850E0095
S2140053B0EF20807693560801B3886800B3861601FE
S2140053C01306050063F466003306C50193D506018F
S2140053D03386C5006366C702E31AC7BC37060100FA
S2140053E01306F6FFB3F6C600939606013378C80098
S2140053F033172A01B386060113090000E37AD7CCD7
S2140054009387F7FF6FF09FBA130900009307000019
S2140054106FF01FCC130101FD232481022322910289
S2140054202326110223202103232E3101232C4101A0
S214005430232A510123286101232671012324810197
S214005440232291012320A101130405009384050063
S214005450639C0624B7270100930906009387875CA0
S21400546063FEC512370701006370E6121337061095
S2140054701337170013173700B356E600B387D70065
S21400548083C70700B387E700130700023309F74016
S214005490630CF700B3942501B357F500B319260142
S2140054A0B3E497003314250193DA090193850A00C3
S2140054B0139B090113850400EF208071135B0B0119
S2140054C093050B00EF204065130A050093850A003C
S2140054D013850400EF20407413150501935704014B
S2140054E0B3E7A70063FA4701B387F90063E637011D
S2140054F063F44701B3873701B384474193850A00B5
S21400550013850400EF20C06C93050B00EF20C060ED
S214005510130A050093850A0013850400EF20C06F68
S2140055201314040113150501135404013364A40075
S214005530637A4401338489006366340163744401EA
S21400554033043401330444413355240193050000E9
S2140055508320C1020324810283244102032901021D
S2140055608329C101032A8101832A4101032B0101FA
S214005570832BC100032C8100832C4100032D0100E6
S2140055801301010367800000B706000113078001BE
S214005590E374D6EE130700016FF01FEE130700004A
S2140055A0630C0600370701006376E60E1337061015
S2140055B01337170013173700B356E600B387D70024
S2140055C083C70700B384C540B387E700130700020C
S2140055D03309F740E30AF7ECB3192601B3DBF5000D
S2140055E013DB0901B357F500B395250133EAB7007D
S2140055F03314250193050B00939A090113850B00BC
S214005600EF20005D93DA0A0193850A00EF20C05070
S2140056109304050093050B0013850B00EF20C05F75
S2140056201315050113570A013367A700637A97001D
S2140056303387E900636637016374970033073701E1
S214005640B304974093050B0013850400EF204058E1
S21400565093850A00EF20404C930A050093050B0043
S21400566013850400EF20405B93170A01131505010C
S21400567093D70701B3E7A70063FA5701B387F9008A
S21400568063E6370163F45701B3873701B3845741A4
S2140056906FF09FE1B706000113078001E37ED6F0A6
S2140056A0130700016FF05FF1E3E4D5EAB7070100E6
S2140056B063FEF60493B7061093B717009397370068
S2140056C03727010033D8F6001307875C3307070136
S2140056D0834A0700B38AFA0093070002338A5741C9
S2140056E06390570563E4B600636CC5003309C54094
S2140056F0B386D540B334250113040900B38496401D
S21400570013050400938504006FF09FE4370700013B
S21400571093078001E3F6E6FA930700016FF05FFA5D
S214005720B3964601B35B5601B3EBDB00B3D9550124
S21400573033545501B395450193D40B013364B4003B
S214005740331B45019385040013850900139C0B0148
S21400575033194601135C0C01EF20804793050500C2
S214005760130D050013050C00EF20003B930C0500FD
S2140057709385040013850900EF20004A13150501E0
S21400578093570401B3E7A70093090D0063FE970142
S214005790B387FB009309FDFF63E8770163F6970183
S2140057A09309EDFFB3877701B38C97419385040087
S2140057B013850C00EF20C04193050500130D05006E
S2140057C013050C00EF20403593850400130C0500EC
S2140057D013850C00EF2040449315040113150501B2
S2140057E093D50501B3E5A50093070D0063FE85017B
S2140057F0B385BB009307FDFF63E8750163F685017B
S2140058009307EDFFB3857501370E010093990901E3
S214005810B3E9F9009307FEFF33F7F900B377F90011
S214005820B384854193D90901135309011305070071
S21400583093850700EF20402E13080500930503000C
S21400584013050700EF20402D13070500938507007A
S21400585013850900EF20402C9308050093050300EC
S21400586013850900EF20402B9357080133071701D3
S214005870B387E7009306050063F41701B306C50176
S21400588013D707013307D700B70601009386F6FF44
S214005890B3F7D700939707013378D800B38707018B
S2140058A063E6E400639EE400637CFB0033892741E3
S2140058B0B3B62701B3867601930709003307D740AE
S2140058C0B307FB40333BFB00B385E440B38565413B
S2140058D0B39A5501B3D7470133E5FA00B3D545016E
S2140058E06FF01FC7370810001308F8FF130101FEFA
S2140058F0B378B80013D745019357D5013378D8004D
S214005900232A91009374F77F1397380093D84601A3
S2140059101318380023282101B3E7E70093F8F87F2F
S2140059201357D601232E1100232C81002326310184
S21400593013D9F50193D6F601336707011315350021
S2140059401316360033881441631AD92A635C001193
S21400595063900804B366C700638006669305F8FF85
S214005960639005023306C500B336A6003387E7000A
S21400597013050600B307D700930410006F00C00697
S2140059809306F07F6310D8029304F07F6F00801FA9
S2140059909306F07F6388D41EB70680003367D7006F
S2140059A0930508009306800363C8B60A9306F001C1
S2140059B063CAB606130800023308B840B3160701D8
S2140059C0B358B60033180601B3E6160133380001A3
S2140059D0B3E60601B355B7003385A600B385F500D8
S2140059E0B336D500B387D50013978700635C0718D6
S2140059F0938414001307F07F638AE45A370780FF06
S214005A001307F7FF33F7E7009357150013751500D4
S214005A10B3E7A7001315F7013365F5009357170092
S214005A206F004016938605FE93080002B356D70013
S214005A301308000063881501130800043308B840F3
S214005A40331807013368C80033380001B3E606018F
S214005A50930500006FF05FF8B366C700B336D0005A
S214005A606FF01FFF630A080CB38698406394040225
S214005A70B3E5A700638E05509385F6FFE38405EE35
S214005A801308F07F639206039307070013050600CA
S214005A906FF09FEF9305F07FE388B8FEB7058000B0
S214005AA0B3E7B700938506009306800363C0B60885
S214005AB09306F00163C2B604130800023308B84028
S214005AC0B39607013353B50033180501B3E66600F5
S214005AD033380001B3E60601B3D5B7003386C600F7
S214005AE0B385E500B336D60013050600B387D500A8
S214005AF0938408006FF05FEF938605FE13030002A1
S214005B00B3D6D700130800006388650013080004A6
S214005B103308B840339807013368A80033380001CB
S214005B20B3E60601930500006FF05FFBB3E6A7003F
S214005B30B336D0006FF01FFF9386140093F5E67F10
S214005B4063960508B3E6A7006392040663880644D6
S214005B50B366C700638806023306C500B336A600E0
S214005B603387E700B307D7001397870013050600AF
S214005B70635A0700370780FF1307F7FFB3F7E700FE
S214005B809304100013777500630807441377F50035
S214005B90930640006302D74413074500B336A700B8
S214005BA0B387D700130507006F000043E38E06ECAB
S214005BB03366C700E30A06DC13090000B707400097
S214005BC0130500009304F07F6F0000419305F07FFB
S214005BD0638CB63C3306C5003335A6003387E70032
S214005BE03307A7001315F701135616003365C500D3
S214005BF093571700938406006FF0DFF8635C000F7E
S214005C00639E0808B366C7006388063A9306F8FFE3
S214005C10639006023306C540B336C5003387E740B7
S214005C2013050600B307D740930410006F00400525
S214005C309305F07FE30AB8D49305800363C6D50ABC
S214005C409305F00163C8D506130800023308D84050
S214005C50B358D600B315070133180601B3E515018E
S214005C603338000133E60501B356D7003306C54086
S214005C703337C500B386D74013050600B387E64022
S214005C8013978700E35007F0370480001304F4FFEF
S214005C9033F48700930905006F0000219306F07F18
S214005CA0E382D4EEB70680003367D7009306080079
S214005CB06FF09FF8938506FE93080002B355B70071
S214005CC01308000063881601130800043308D84040
S214005CD0331807013368C8003338000133E605017E
S214005CE0930600006FF09FF83366C7003336C00097
S214005CF06FF01FFF6308080E338898406392040411
S214005D00B3E5A700638E052A9305F8FF639E05009A
S214005D103305A6403307F7403336A600B307C7401F
S214005D20138906006FF05FF01303F07F63146802B8
S214005D3093070700130506009304F07F6F00000D1D
S214005D409305F07FE386B8FEB7058000B3E7B7009B
S214005D5093050800130880036340B8081308F00191
S214005D606342B804130300023303B340335EB50046
S214005D7033986700331365003368C8013333600017
S214005D8033656800B3D5B7003305A640B305B74002
S214005D903336A600B387C5409384080013890600EF
S214005DA06FF01FEE138805FE130E000233D80701AE
S214005DB0130300006388C501130300043303B340D4
S214005DC0339367003363A3003333600033656800A2
S214005DD0930500006FF05FFB33E5A7003335A000A6
S214005DE06FF01FFF9385140093F5E57F6396050813
S214005DF033E8A700B365C70063900406631C080079
S214005E00638E051093070700130506001389060026
S214005E106FF05FD7E38805D63308C540B338050171
S214005E20B385E740B38515419398850063DC080089
S214005E303305A6403307F7403336A600B307C740FE
S214005E406FF0DFFC3365B800630405189387050020
S214005E50130508006FF01FD3631C0800E38E05D4FB
S214005E609307070013050600138906006FF0DFB1DD
S214005E70E38C05B06FF05FD4B305C5403338B5008A
S214005E803384E740330404411318840093890500E3
S214005E9063500808B309A6403304F740333636018A
S214005EA03304C44013890600630E04061305040079
S214005EB0EF10D05C930685FF93070002B387D740A8
S214005EC03314D400B3D7F900B3E787003394D9006E
S214005ED063C4960AB3869640138616001307F0012D
S214005EE06342C706130700023307C7403395E7002F
S214005EF0B356C4003317E4003365D5003337E000EB
S214005F003365E500B3D7C700930400006FF09FC762
S214005F10B3E58500E39A05F8930400001309000032
S214005F206F00C00813850900EF10505593068501D1
S214005F309307F001E3D2D7F8930785FFB397F900EC
S214005F406FF01FF9938616FE33D5D700930600022E
S214005F50130700006308D600130700043307C74082
S214005F603397E7003367E4003337E0003365E50036
S214005F70930700006FF05FF9370780FF1307F7FFFE
S214005F80B384D440B3F7E700130504006FF09FBF57
S214005F9093070700130506006FF0DFC59307070099
S214005FA0130506006FF01FBE9304F07F93070000F2
S214005FB0130500006F004002930408006FF09FBCBA
S214005FC09307070013050600930408006FF01FE40C
S214005FD0930700001309000013978700635E07000D
S214005FE0938414001307F07F6382E408370780FF6A
S214005FF01307F7FFB3F7E7009396D701135535005D
S2140060001307F07FB3E6A60093D73700639EE4003D
S214006010B3E6F6009307000063880600B70708009B
S2140060209306000013090000139744013706F07F1B
S2140060309397C7003377C7008320C10103248101EB
S21400604093D7C700B367F7001317F90133E6E700E5
S21400605083244101032901018329C1001385060019
S21400606093050600130101026780000093070000F5
S214006070130500006FF05FF8130101FB23202105D4
S21400608013D9450123229104232E3103232C4103E7
S214006090232A5103232671039394C5002326110453
S2140060A023248104232861032324810323229103CC
S2140060B02320A103232EB1011379F97F930905004C
S2140060C0930B0600138A060093D4C40093DAF501F6
S2140060D06300090A9307F07F6300F910135DD5018A
S2140060E093943400336D9D00B7078000336DFD0038
S2140060F013143500130919C0130B000013574A0177
S2140061009319CA001377F77F93D9C900135AFA0177
S214006110630207109307F07F6306F716939939001A
S21400612093D7DB01B3E73701B7098000B3E937013E
S21400613093963B00130717C0930700003309E94006
S21400614013172B003367F7001307F7FF1306E0005B
S214006150B3C44A016364E616372601001317270006
S2140061601306C6583307C700032707006700070053
S21400617033EDA400630E0D06638E0402138504003F
S214006180EF10D02F930755FF130DD001130785FF8F
S214006190330DFD40B394E40033DDA901336D9D005B
S2140061A0B394E9001309D0C03309A940138404004E
S2140061B06FF09FF4EF10902C130D050093075D0110
S2140061C01307C00113050502E350F7FC130D8DFFFE
S2140061D0339DA9016FF01FFD33EDA40063120D027D
S2140061E0130400001309F07F130B20006FF01FF15B
S2140061F01304000013090000130B10006FF01FF0CB
S21400620013040500138D04001309F07F130B3000F0
S2140062106FF0DFEEB3E67901638206086380090457
S21400622013850900EF109025130755FF9307D0013B
S214006230930685FFB387E740B399D900B3D7FB0031
S214006240B3E73701B399DB001307D0C09386090084
S2140062503307A740938907006FF01FEE13850B00E6
S214006260EF10D02193070500138757019306C0014E
S21400627013050502E3DCE6FA938787FFB397FB0076
S2140062806FF09FFCB3E67901639206029309000063
S2140062901307F07F930720006FF05FEA9309000072
S2140062A013070000930710006FF05FE993860B005A
S2140062B01307F07F930730006FF05FE863E6A901ED
S2140062C063163D456364D4441317FD0193571400C9
S2140062D0931DF401135D1D003364F70013DC860183
S2140062E0139B8900336C6C01135B0B0193050B0049
S2140062F0931B0C0113050D00939C860093DB0B018A
S214006300EF10100D93050500930A050013850B008A
S214006310EF1090009309050093050B0013050D0080
S214006320EF10900F1315050193570401B3E7A7006C
S214006330138A0A0063FE3701B307FC00138AFAFFCC
S21400634063E8870163F63701138AEAFFB38787019C
S214006350B389374193050B0013850900EF105007EA
S21400636093050500130D050013850B00EF10C07A8A
S214006370930A050093050B0013850900EF10D0095A
S214006380931704011315050193D70701B3E7A70078
S21400639013070D0063FE5701B307FC001307FDFF4C
S2140063A063E8870163F657011307EDFFB38787019C
S2140063B013180A01B70E01003368E800138AFEFFBF
S2140063C0B378480193D60C0133FA4C01B387574192
S2140063D0135708012326D1001385080093050A00E9
S2140063E0EF1080731303050093D50C011385080086
S2140063F0EF1080729308050093050A001305070046
S214006400EF108071130E050093D50C0113050700DD
S214006410EF10807013570301B388C80133071701C4
S214006420130605006374C7013306D50193560701AA
S214006430B386C600370601001306F6FF3377C7009B
S214006440131707013373C3003307670063E8D700E9
S214006450930908006398D70463F6ED0433869D011C
S214006460B335B60133858501B387A7009309F8FFD6
S214006470930D06006366FC006316FC026394050237
S21400648063E6D7006390F602637EE6003386CC00B0
S214006490930D060033369601330686019309E8FF0E
S2140064A0B387C700338DED40B387D740B3BDAD018A
S2140064B03384B7419306F0FF630E8C1893050B00E8
S2140064C013050400EF10C07093050500930A05003D
S2140064D013850B00EF104064930D050093050B0029
S2140064E013050400EF1040731315050193560D01B4
S2140064F0B3E6A60013840A0063FEB601B306DC000A
S2140065001384FAFF63E8860163F6B6011384EAFF94
S214006510B3868601B38AB64193050B0013850A003D
S214006520EF10006B93050500930D050013850B0017
S214006530EF10805E930B050093050B0013850A0091
S214006540EF10806D93170D011315050193D7070102
S214006550B3E7A70013870D0063FE7701B307FC00BF
S2140065601387FDFF63E8870163F677011387EDFF66
S214006570B3878701131804013368E80093180801ED
S21400658093D80801B387774113570801138508008D
S21400659093050A00EF1040581303050093D50C012D
S2140065A013850800EF1040579308050093050A006E
S2140065B013050700EF104056130E050093D50C0187
S2140065C013050700EF10405513570301B388C801A1
S2140065D033071701930605006376C70137060100E7
S2140065E0B306C500135607013306D600B7060100EA
S2140065F09386F6FF3377D700131707013373D3005C
S2140066003307670063E8C7006394C724930608004F
S21400661063020704B307FC009306F8FF93850700A0
S21400662063E4870363E6C7006392C72263F0EC0265
S21400663013951C00B3359501B38585019306E8FFD5
S214006640B385B700930C05006394C50063049701F7
S21400665093E616001307F93F635AE01093F77600A7
S2140066606380070293F7F60013064000638AC700AC
S2140066709387460033B6D700B389C90093860700D0
S2140066809397790063DA0700B70700FF9387F7FF51
S214006690B3F9F900130709409307E07F63C2E70ADE
S2140066A093D636009397D901B3E6D70093D5390031
S2140066B09395C5008320C1040324810493D5C500A7
S2140066C0131747013367B7009394F401B367970035
S2140066D003290104832441048329C103032A810377
S2140066E0832A4103032B0103832BC102032C81025F
S2140066F0832C4102032D0102832DC1011385060060
S2140067009385070013010105678000001309F9FF50
S214006710930D00006FF09FBC93840A0093090D0050
S2140067209306040093070B00130730006388E70EF8
S21400673013071000638EE70E13072000E39CE7F0B4
S21400674093050000930600001307F07F6FF05FF6D6
S21400675093040A006FF05FFDB70908009306000077
S21400676093040000930730006FF01FFC93051000A1
S214006770B385E5409307800363CCB70A9307F0011F
S21400678063C4B7061309E941B397290133D7B600A6
S21400679033992601B3E7E70033392001B3E7270131
S2140067A0B3D5B90013F777006300070213F7F700B5
S2140067B093064000630AD70013874700B336F700F6
S2140067C0B385D5009307070013978500634807062F
S2140067D09396D50193D73700B3E6F60093D53500E8
S2140067E0130700006FF0DFEC930710FEB387E74057
S2140067F013060002B3D7F900130700006386C5002E
S2140068001307E9433397E9003367D7003337E000CF
S214006810B3E7E700930500006FF0DFF8B705080060
S214006820930600001307F07F930400006FF05FE804
S21400683093050000930600006FF09FFA9305000092
S21400684093060000130710006FF09FE613880600FB
S214006850930608006FF0DFDF13D74501B707100077
S2140068609387F7FF13D8460113030500930E050020
S2140068701377F77F1305F07FB3F8B700130F060002
S214006880B3F7D70093D5F5011378F87F93D6F601C2
S214006890631CA70033EE68001305100063140E0097
S2140068A06306E800678000006318A80033E6C700A8
S2140068B013051000E31806FE13051000E31407FF87
S2140068C0E392F8FEE390EEFF638AD500E31C07FC34
S2140068D0B3E8680033351001678000001305000038
S2140068E06780000093D7460193D84501370710000C
S2140068F01307F7FF13080500130E050093F8F87F3B
S21400690013F5F77F9307F07F3373B700930E0600F7
S2140069103377D70093D5F50193D6F6016396F80042
S214006920B3670301639C07069307F07F6316F500C1
S214006930B367C700639407069307000063960800D2
S2140069403368030193371800631E05043366C700D7
S214006950638C07006300060213051000639C0600A4
S2140069601305F0FF67800000631006041305F0FFB0
S2140069706384050467800000E3C0A8FEE36867FE42
S2140069806318E300E3E4CEFF13050000E374DEFFC4
S21400699013051000E39005FE6FF09FFC1305E0FF63
S2140069A067800000E39A07FAE392B6FCE35615FD0B
S2140069B01305F0FFE39006FC130510006780000047
S2140069C093D7460193D84501370710001307F7FF02
S2140069D013080500130E050093F8F87F13F5F77FEC
S2140069E09307F07F3373B700930E06003377D70014
S2140069F093D5F50193D6F6016396F800B3670301C5
S214006A00639C07069307F07F6316F500B367C7001D
S214006A106394070693070000639608003368030133
S214006A2093371800631E05043366C700638C07009F
S214006A306300060213051000639C06001305F0FFB2
S214006A4067800000631006041305F0FF63840504E6
S214006A5067800000E3C0A8FEE36867FE6318E300F3
S214006A60E3E4CEFF13050000E374DEFF1305100019
S214006A70E39005FE6FF09FFC130520006780000082
S214006A80E39A07FAE392B6FCE35615FD1305F0FF0A
S214006A90E39006FC1305100067800000130101FD5B
S214006AA0232A510193DA45012324810223229102ED
S214006AB023202103232E3101232861019394C5004E
S214006AC023261102232C41012326710193FAFA7F13
S214006AD013040500130B06001389060093D4C400A4
S214006AE093D9F501638E0A309307F07F6380FA38F6
S214006AF0939434009357D501B3E79700B70480000A
S214006B00B3E49700131A3500938A1AC0930B00005B
S214006B10135749011314C9001377F77F1354C400A1
S214006B201359F901630007389307F07F6304F73EB3
S214006B30131434009357DB01B3E787003704800053
S214006B4033E48700930617C093173B001307000033
S214006B50B38ADA0093962B00B3E6E6001306A0008D
S214006B6093881A006346D64C1306200033C82901C2
S214006B70634ED63C9386F6FF13061000637AD63E25
S214006B80370901001307F9FF93520A01B3FFE70024
S214006B90337AEA0013DF070113050A0093850F0016
S214006BA0EF0090779307050093050F0013050A0082
S214006BB0EF009076930E050093850F001385020074
S214006BC0EF0090759303050093050F0013850200F0
S214006BD0EF00907413D30701B38E7E003303D30106
S214006BE0130E050063747300330E250193590301D9
S214006BF03373E300B3F7E700131303013377E400BE
S214006C003303F3001359040113050A009305070024
S214006C10EF009070930305009305090013050A0022
S214006C20EF00906F930E0500930507001385020092
S214006C30EF00906E1304050093050900138502000B
S214006C40EF00906D13D60301B38E8E003306D60187
S214006C509307050063768600B7060100B307D500E4
S214006C60370A0100930EFAFF93520601B382F20030
S214006C70B377D601B3F3D30193970701B3877700B1
S214006C80B3FED4013384F90013850E0093D90401B2
S214006C9093850F00EF0050689304050093050F00DE
S214006CA013850E00EF0050679303050093850F00D1
S214006CB013850900EF005066930F050093050F003B
S214006CC013850900EF00506513D60401B383F30162
S214006CD033067600930605006374F601B306450195
S214006CE0370A01009303FAFF935F060133767600B6
S214006CF013160601B3F47400B38FDF00330F96004B
S214006D0013850E0093050700EF001061930405003D
S214006D109305090013850E00EF001060130B0500A5
S214006D209305070013850900EF00105F13070500A1
S214006D309305090013850900EF00105E93D5040142
S214006D40330BEB00B3856501930E050063F4E50095
S214006D50B30E450133F7750013170701B3F474003B
S214006D60B3068E0033079700B3025700B3B7F6009A
S214006D70B387F20033B6E200B3B2570093D50501ED
S214006D80336656003306B600B385E601B38FF701C7
S214006D90B3B6D500B386DF0033B7FF00B3BFF60146
S214006DA0939795003367F7013307C700B3E767008B
S214006DB03307D701B337F00093D575011317970043
S214006DC013D47601B3E7B70093969600B3E7D700DF
S214006DD0931677003364870063D0060213D7170034
S214006DE093F717003367F7009317F401B367F700BC
S214006DF013541400938A080093880A006F00C01882
S214006E0033EAA40063000A086380040413850400C0
S214006E10EF00D066130755FF9307D001930685FF52
S214006E20B387E740B394D400B357F400B3E79700B2
S214006E30B314D400930AD0C0138A0400B38AAA40BD
S214006E40938407006FF09FCCEF0050639307050014
S214006E50138757019306C00113050502E3DEE6FA21
S214006E60938787FFB317F4006FF0DFFC33EAA400C4
S214006E7063120A0293040000930AF07F930B20002B
S214006E806FF01FC993040000930A0000930B1000D4
S214006E906FF01FC8130A0500930AF07F930B3000AB
S214006EA06FF01FC7B36764016382070863000404BA
S214006EB013050400EF00905C930655FF1307D001FE
S214006EC0930785FF3307D7403314F4003357EB009E
S214006ED0336787003314FB009306D0C09307040083
S214006EE0B386A640130407006FF05FC613050B00B9
S214006EF0EF00D05893070500938657011307C0018B
S214006F0013050502E35CD7FA938787FF3317FB0068
S214006F106FF09FFCB36764016392070213040000DE
S214006F209306F07F130720006FF09FC21304000043
S214006F3093060000130710006FF09FC193070B0025
S214006F409306F07F130730006FF09FC01306100003
S214006F503316D600937606536396060E937506246C
S214006F60639A051A13768608E30C06C01308090010
S214006F70930620006308D718930630006304D71AD8
S214006F80930610006306D71A1386F83F6354C00CA6
S214006F9013F777006300070213F7F7009306400025
S214006FA0630AD70013874700B336F7003304D400CC
S214006FB09307070013177400635A0700370700FF8C
S214006FC01307F7FF3374E400138608401307E07FC7
S214006FD0634AC71293D737009316D401B3E6F60078
S214006FE0135734001317C7008320C10203248102FD
S214006FF0131646011357C7003366E6001318F80148
S214007000B367060183244102032901028329C101D3
S214007010032A8101832A4101032B0101832BC1002E
S214007020138506009385070013010103678000009F
S2140070301306F0006388C60E1306B0001388090016
S214007040E386C6F21384040093070A0013870B0036
S2140070506FF01FF2130710003307C7409306800334
S21400706063C8E60C9306F00163C4E6069388E8411D
S21400707033D6E700B3161401B3981701B3E6C6007B
S214007080B3381001B3E716013357E40093F67700E0
S2140070906380060293F6F70013064000638AC60074
S2140070A09386470033B6F6003307C700938706007B
S2140070B09316870063C406089316D70193D7370044
S2140070C0B3E6F60013573700130600006FF09FF183
S2140070D0930610FEB386C64093050002B356D4004E
S2140070E0130600006306B7001386E8433316C40091
S2140070F03366F6003336C000B3E7C6001307000059
S2140071006FF0DFF813070000930600001306F07F09
S2140071106FF05FED370708001306F07F13080000D6
S2140071206FF05FEC37070800930600006FF0DFFE95
S21400713013070000930600006FF01FF91307000006
S21400714093060000130610006FF0DFE93708100002
S2140071501308F8FF130101FEB378B80013D74501F2
S2140071609357D5013378D800232821011379F77F68
S2140071701397380093D84601232A9100B3E7E70017
S21400718093D4F5011357D60113183800232E110097
S214007190232C81002326310193F8F87F9305F07F96
S2140071A01315350093D6F60133670701131636001C
S2140071B06396B800B365C7006394050093C61600CF
S2140071C033081941639A962A635C00116390080499
S2140071D0B366C700638006669305F8FF63900502F2
S2140071E03306C500B336A6003387E700130506004E
S2140071F0B307D700130910006F00C0069306F07F90
S2140072006310D8021309F07F6F00801F9306F07F8B
S2140072106308D91EB70680003367D70093050800B9
S2140072209306800363C8B60A9306F00163CAB606DF
S214007230130800023308B840B3160701B358B60067
S21400724033180601B3E6160133380001B3E606012B
S214007250B355B7003385A600B385F500B336D50021
S214007260B387D50013978700635C071813091900C6
S2140072701307F07F630AE95A370780FF1307F7FF03
S21400728033F7E7009357150013751500B3E7A7000B
S2140072901315F7013365F500935717006F00401676
S2140072A0938605FE93080002B356D7001308000025
S2140072B063881501130800043308B8403318070123
S2140072C03368C80033380001B3E6060193050000B2
S2140072D06FF05FF8B366C700B336D0006FF01FFFDD
S2140072E0630A080CB386284163140902B3E5A700B5
S2140072F0638E05509385F6FFE38405EE1308F07F52
S2140073006392060393070700130506006FF09FEFCE
S2140073109305F07FE388B8FEB7058000B3E7B700B3
S214007320938506009306800363C0B6089306F001B3
S21400733063C2B604130800023308B840B3960701C8
S2140073403353B50033180501B3E666003338000141
S214007350B3E60601B3D5B7003386C600B385E500AD
S214007360B336D60013050600B387D5001389080088
S2140073706FF05FEF938605FE13030002B3D6D700C7
S2140073801308000063886500130800043308B8403B
S214007390339807013368A80033380001B3E60601C6
S2140073A0930500006FF05FFBB3E6A700B336D0008E
S2140073B06FF01FFF9306190093F5E67F63960508A6
S2140073C0B3E6A7006312090663880644B366C700DF
S2140073D0638806023306C500B336A6003387E70087
S2140073E0B307D7001397870013050600635A0700F4
S2140073F0370780FF1307F7FFB3F7E70013091000FE
S21400740013777500630807441377F500930640006A
S2140074106302D74413074500B336A700B387D700E7
S214007420130507006F000043E38E06EC3366C700C3
S214007430E30A06DC93040000B707400013050000CB
S2140074401309F07F6F0000419305F07F638CB63C14
S2140074503306C5003335A6003387E7003307A70099
S2140074601315F701135616003365C500935717001A
S214007470138906006FF0DFF8635C000F639E080850
S214007480B366C7006388063A9306F8FF6390060261
S2140074903306C540B336C5003387E74013050600FC
S2140074A0B307D740130910006F0040059305F07F1F
S2140074B0E30AB8D49305800363C6D50A9305F001A2
S2140074C063C8D506130800023308D840B358D60060
S2140074D0B315070133180601B3E51501333800016B
S2140074E033E60501B356D7003306C5403337C5002B
S2140074F0B386D74013050600B387E6401397870088
S214007500E35007F0370480001304F4FF33F48700D9
S214007510930905006F0000219306F07FE302D9EE81
S214007520B70680003367D700930608006FF09FF811
S214007530938506FE93080002B355B70013080000B3
S21400754063881601130800043308D840331807016F
S2140075503368C8003338000133E60501930600009F
S2140075606FF09FF83366C7003336C0006FF01FFF1A
S2140075706308080E3388284163120904B3E5A700A0
S214007580638E052A9305F8FF639E05003305A64023
S2140075903307F7403336A600B307C7409384060088
S2140075A06FF05FF01303F07F631468029307070021
S2140075B0130506001309F07F6F00000D9305F07F9A
S2140075C0E386B8FEB7058000B3E7B700930508006A
S2140075D0130880036340B8081308F0016342B80438
S2140075E0130300023303B340335EB50033986700DD
S2140075F0331365003368C8013333600033656800B1
S214007600B3D5B7003305A640B305B7403336A6005A
S214007610B387C54013890800938406006FF01FEEF9
S214007620138805FE130E000233D80701130300006B
S2140076306388C501130300043303B3403393670024
S2140076403363A3003333600033656800930500009E
S2140076506FF05FFB33E5A7003335A0006FF01FFF28
S2140076609305190093F5E57F63960508B365C70093
S21400767033E8A70063100906631C0800638E051034
S2140076809307070013050600938406006FF05FD784
S214007690E38805D63308C540B3380501B385E7400F
S2140076A0B38515419398850063DC08003305A64032
S2140076B03307F7403336A600B307C7406FF0DFFC4A
S2140076C03365B800630405189387050013050800A2
S2140076D06FF01FD3631C0800E38E05D493070700E2
S2140076E013050600938406006FF0DFB1E38C05B047
S2140076F06FF05FD4B305C5403338B5003384E74038
S2140077003304044113188400938905006350080865
S214007710B309A6403304F740333636013304C44079
S21400772093840600630E040613050400EF0000555C
S214007730930685FF93070002B387D7403314D4001F
S214007740B3D7F900B3E787003394D90063C4260B98
S214007750B3862641138616001307F0016342C70658
S214007760130700023307C7403395E700B356C4003B
S2140077703317E4003365D5003337E0003365E500A2
S214007780B3D7C700130900006FF09FC7B3E58500A5
S214007790E39A05F813090000930400006F00C00880
S2140077A013850900EF00804D930685019307F001CD
S2140077B0E3D2D7F8930785FFB397F9006FF01FF968
S2140077C0938616FE33D5D7009306000213070000F3
S2140077D06308D600130700043307C7403397E70053
S2140077E03367E4003337E0003365E50093070000B5
S2140077F06FF05FF9370780FF1307F7FF3309D940AB
S214007800B3F7E700130504006FF09FBF9307070068
S214007810130506006FF0DFC5930707001305060083
S2140078206FF01FBE1309F07F9307000013050000DA
S2140078306F004002130908006FF09FBC9307070013
S21400784013050600130908006FF01FE493070000F5
S2140078509304000013978700635E0700130919005E
S2140078601307F07F6302E908370780FF1307F7FF67
S214007870B3F7E7009396D701135535001307F07F4B
S214007880B3E6A60093D73700631EE900B3E6F6001A
S2140078909307000063880600B707080093060000F9
S2140078A093040000131749013706F07F9397C7002B
S2140078B03377C7008320C1010324810193D7C70013
S2140078C0B367F7001397F40133E6E700832441011A
S2140078D0032901018329C1001385060093050600CC
S2140078E013010102678000009307000013050000E3
S2140078F06FF05FF813D74501B70610009387F6FFC1
S2140079001377F77F1306E03FB3F7B70093D5F5017B
S214007910635EE6041306D041635AE600370500802E
S2140079201305F5FF3385A50067800000B3E7D70091
S21400793093063043B386E6401306F0016340D60252
S2140079401307D7BEB397E7003355D50033E5A70036
S214007950638005023305A04067800000930630412F
S2140079603387E64033D5E7006FF09FFE130500002F
S2140079706780000013D74501370810009307F8FF0B
S2140079801377F77F1306E03FB3F7B70093060500BB
S21400799093D5F501635AE60413C615001306E641AF
S2140079A01385F5FF6354C7041305000063900504B0
S2140079B0130630433306E6409305F001B3E70701AC
S2140079C063CCC5001307D7BEB397E70033D5C60010
S2140079D033E5A70067800000930630413387E64012
S2140079E033D5E700678000001305000067800000BD
S2140079F0130101FF23261100232481002322910076
S214007A00630605089357F54133C4A7003304F440D2
S214007A109354F50113050400EF0040261307E041D8
S214007A209307A0003307A74063C8A7049307B000D6
S214007A30B387A74013055501B357F4003314A400C9
S214007A40138504009397C70093D7C7001317470101
S214007A501315F5013367F7008320C100B367A7004D
S214007A601305040003248100832441009385070046
S214007A701301010167800000130555FFB317A4002A
S214007A8013850400130400006FF0DFFB13070000EB
S214007A90930700006FF01FFF130101FF23248100EE
S214007AA0232611001304050063020506EF00001DDF
S214007AB01307E0419307A0003307A74063C0A7045D
S214007AC09307B000B387A74013055501B357F400DA
S214007AD03314A4008320C100130504009397C70045
S214007AE0032481001317470193D7C700B366F70036
S214007AF0938506001301010167800000130555FFFA
S214007B00B317A400130400006FF0DFFC9307000017
S214007B10130700006FF01FFC130605001305000096
S214007B2093F61500638406003305C50093D515004B
S214007B3013161600E39605FE67800000130E050078
S214007B40130101FF13830600232611001305060008
S214007B5093080E0093060600130700009307000024
S214007B601308000093FE160013161700638A0E0013
S214007B7033880801B387E70033371801B307F700E7
S214007B8013D7F80193D616003367E60093981800CB
S214007B90E39A06FC63860500EFF01FF8B387A7009C
S214007BA0630A030013050E0093050300EFF0DFF6EB
S214007BB0B307F5008320C10013050800938507006E
S214007BC013010101678000006340050663C60506D1
S214007BD013860500930505001305F0FF630C0602E7
S214007BE093061000637AB6006358C000131616009A
S214007BF093961600E36AB6FE1305000063E6C5001A
S214007C00B385C5403365D50093D6160013561600C7
S214007C10E39606FE6780000093820000EFF05FFBAD
S214007C2013850500678002003305A0406348B00056
S214007C30B305B0406FF0DFF9B305B04093820000A3
S214007C40EFF01FF93305A040678002009382000022
S214007C5063CA0500634C0500EFF09FF71385050027
S214007C6067800200B305B040E35805FE3305A04028
S214007C70EFF01FF63305B04067800200B70701003B
S214007C80637AF5029337051093B71700939737007A
S214007C903727010093060002B386F6403355F500F9
S214007CA09307875CB387A70003C507003385A64004
S214007CB0678000003707000193078001E37AE5FC40
S20C007CC0930700016FF0DFFCE2
S214010000737461727420776169740A0066696C653D
S2140100102073697A6520697320746F6F206C617232
S2140100206765000000000000436F6D706C657465C5
S2140100300A0000006D696469206461746120697357
S214010040206E6F74207265636569766564206F72D1
S2140100502062726F6B656E0A000000006578697435
S21401006020636F64653A2025640A00005B25733AB5
S21401007025645D202573203D2025640A00000000CC
S2140100805B25733A25645D202573203D20256C642D
S2140100900A00000046696C65496E666F3A207B0A65
S2140100A02020726563656976655F636F64653A20D3
S2140100B025642C0A202066696C655F73697A653A47
S2140100C02025752C0A2020646174613A2025700A67
S2140100D07D0A0000666E692B00000000666E6900EE
S2140100E06E616E00666E692D0000000054686973CB
S2140100F02066696C65206973206E6F74204D4944D3
S2140101004920666F726D61742E0000005468697331
S214010110204D49444920666F726D617420697320D1
S214010120696E76616C69642E2065787065637420EB
S214010130666F726D617420302C2062757420696E52
S214010140707574206973206F746865722E000000E4
S21401015054686973204D494449204461746120699B
S2140101607320696E76616C696420666F726D617466
S2140101702E00000063682564203A3A2062616E6BA7
S2140101802053656C6563743A2025303258000000B0
S2140101900A0000004D6964694865616465727B0AFE
S2140101A020206572726F725F6D73673A2025732C1B
S2140101B00A2020717561727465725F6E6F74655F77
S2140101C06C656E3A2025642C0A20206576656E746F
S2140101D05F706F696E743A2025700A7D0A00000010
S2140101E062656E643A20256400000000556E6B6EF1
S2140101F06F776E004D6964694576656E747B0A207B
S21401020020666C61673A2025732C0A20206368619A
S2140102106E6E656C3A2025642C0A202064656C7429
S214010220615F74696D653A2025640A2020646174F3
S214010230613A2025780A7D0A00000000436825649B
S21401024020000000253230733A20253038780A0025
S2140102504576656E744B65794576656E740000006B
S2140102604576656E7454656D706F00004576656EF3
S21401027074456E64000000004576656E744E6F70BE
S214010280000000004576656E74506172616D000075
S2140102904576656E7450726F6772616D4368616E04
S2140102A0676500004576656E744578707265737390
S2140102B0696F6E004576656E745069746368426551
S2140102C06E6400004576656E7450697463684265B5
S2140102D06E6453656E73697469766974790000009B
S2140102E04576656E745265736574416C6C436F6ECA
S2140102F074726F6C6C657273000000004576656EF3
S21401030074416C6C536F756E644F66660000000036
S2140103104576656E74416C6C4E6F74654F6666000B
S2140103204576656E744C656761746F00756E6465BD
S2140103306620000073717561726500007361772035
S2140103402020000074726920202000006E6F6973FF
S2140103506520000057524954453A205B41444452B7
S2140103605D2025303258205B444154415D202530C4
S2140103703258000000000000000000000000F03FBE
S214010380000000000000244000000000000059406A
S2140103900000000000408F40000000000088C340BD
S2140103A000000000006AF8400000000080842E4132
S2140103B000000000D01263410000000084D797417E
S2140103C00000000065CDCD416A026E02730277021D
S2140103D07C02800285028A028F02930298029D02A5
S2140103E0A202A702AC02B002B502BA02C002C5025E
S2140103F0CA02CF02D402D902DF02E402E902EF0206
S214010400F402FA02FF0205030A03100316031B0394
S214010410210327032D03330339033F0345034B030E
S214010420510357035D0364036A03700377037D0377
S21401043083038A03910397039E03A503AB03B203C9
S214010440B903C003C703CE03D503DC03E303EA0302
S214010450F203F903000408040F0417041E0426041B
S2140104602E0435043D0445044D0455045D0465041D
S2140104706D0476047E0486048F049704A004A80401
S214010480B104B904C204CB045A1078109610B51002
S214010490D410F31013113311521173119311B411B7
S2140104A0D411F511171238125A127C129E12C1126B
S2140104B0E41207132A134E1372139613BA13DF139B
S2140104C0031429144E1474149A14C014E6140D154A
S2140104D034155B158315AB15D315FC1524164E166E
S2140104E07716A116CB16F5161F174A177617A117FA
S2140104F0CD17F917261852187F18AD18DB180919E9
S214010500371966199519C519F419251A551A861A2F
S214010510B71AE91A1B1B4D1B801BB31BE61B1A1CC3
S2140105204E1C821CB71CEC1C221D581D8F1DC51DA0
S214010530FD1D341E6C1EA51EDE1E171F511F8B1FB0
S214010540C51F00203B20772000327132721615003D
S214010550005F5F52520C0C080800000000162616B9
S214010560162CFFFFFFFFFFFF010001020705042114
S214010570001F1F1F1F0000000000000000060606E7
S2140105800629646774312020FF3A30303024122D5A
S214010590001F5F1F5F120A0E0A00040403262626A8
S2140105A02638000000000000FF125812521E0D21CE
S2140105B0001F1F1F1F0000000000000000060606A7
S2140105C00629000000000000FF64626262370A2507
S2140105D000C3C3C30300000700020202021414147E
S2140105E0143E6261636B3120FF44484842080000B4
S2140105F0001F1F1F1F0A0A0A0A00000000F201015D
S21401060001066D61696E3220FF41424142210000C0
S21401061000131313130909090900020000143423F7
S214010620232D6D61696E3320FF237423740C100C27
S2140106300C1F1F121F0500101006000101100036C6
S214010640362C377468763034FF0663363328263303
S21401065000DFCF538E080A060302000000E222F2F2
S214010660033B6261636B3220FF120276721A281E08
S2140106700091161A13050304030100000018281838
S214010680283A627261737331FF3F7F307F0000004A
S214010690001F1F1F1F00001015000F040F00F0DFC2
S2140106A0FF3C000000000000FF1F3F703B001800E9
S2140106B0001F1F1F1F0C0C130F00000908161649F8
S2140106C0293C000000000000FF6365516316190F06
S2140106D0001DCA1D5E040404040104030320300344
S2140106E0031C000000000000FF21534111201C0ADA
S2140106F000DFDF9999808087880808070640403721
S214010700373C617031202020FF6F0F0F6F00000013
S214010710001E0A1402101414140414140EA707075A
S21401072007076D7573686931FF3F30313325142A29
S214010730004444444A0A0C0A0C020202020403045E
S214010740033E646F776E2020FF6F05036F0F19005D
S2140107500F020E040A020E08040205030A07070721
S214010760173675666F202020FF306060640E061411
S214010770004C9D5089050604040105011F552525D9
S214010780A83A636172202020FF6F0F0F6631112C8B
S214010790001F1F1F9F1A111A0C050109010BA70B39
S2140107A0F8236C6173657231FF081004401F1F1B2C
S2140107B000929292920202020200000000070507D0
S2140107C006046C6173657232FF3133323400000007
S2140107D0001F1F1F1F00000000000000001F1F1F3A
S2140107E01F0773696E312020FF32325642192A20C4
S2140107F0008D154F52060708010200000018281840
S214010800283A627273312020FF31315A411A361E5E
S214010810008E4F59520A0B0D03000003001525FFE9
S214010820283A627273322020FF3131373117262879
S214010830008D8E8D530E0E0E03000000001313FA6A
S2140108400A3A7472756D7031FF413145411D300FA2
S21401085000595C594E0A0D0B04000000001527587C
S214010860063A737472312020FF42324A421B331813
S214010870005C5C534D0707090400000000131332A7
S214010880073A737472322020FF413A514117390AF0
S214010890009ADA98D80F070C0C000305052646289F
S2140108A02814657031202020FF6F313131282A1439
S2140108B0009F9EDB5E0F060706080B0A008AF68677
S2140108C0F71C657032202020FF61143C312131472E
S2140108D0009C9CDBDA0404090303030100170602EB
S2140108E0A53A657033202020FF62636361292B23BC
S2140108F000DFDFDF9F0704040A04040403F7FBFBA1
S2140109000B39677569746172FF666065611C163A1A
S21401091000DF9FDF9F070906060706060829191943
S214010920F920656261737331FF6060606017173F7D
S214010930009E9C989C0E040A0508090909B6C6C6BD
S214010940C630656261737332FF6060606017173F7F
S214010950009EDCD8DC0E040A0508080808B6B6B600
S214010960B630656F72676E31FF65022861271B110D
S21401097000DF1F1F1F120F040F000000002F0F0FB4
S2140109800F3D656F72676E32FF16036152110A0AD8
S214010990001C1F9F1F120F0F0F00000000FF0F0FFC
S2140109A00F1F706F72676E31FF081004401F1F1B08
S2140109B000949290920202020200000000070507CE
S2140109C00604706F72676E32FF443C423626261963
S2140109D000925E12590A0604050202000047190831
S2140109E0091C666C75746520FF046234322826295A
S2140109F000DFD0548F090B070403000000E525F53E
S214010A00083B706963202020FF34343434230A0CF9
S214010A10001F1414140A0B060B0F0000005919F9D5
S214010A20193E6F626F652020FF616269641F32287C
S214010A3000D956DC540B000C0600000C00131B5B9F
S214010A400B3A636C61726920FF6B37310121171510
S214010A5000DF5FDEDE0E10090700050704FFA016A3
S214010A60171C67726F636B20FF693526311E4119AB
S214010A70005F9EDB9E100C0705000B0A0ABAF6857E
S214010A80F524766962202020FF65635161191B0CED
S214010A90005959595917140E0E0A0B0B0CE8E8F8B1
S214010AA0F83C78796C6F7020FF636164611E1E1ECE
S214010AB000DADCDDDF0804050A0502040327361424
S214010AC015386B6F746F2020FF675169611C1D45D7
S214010AD0009F9F9F9F060C060C0606060601010155
S214010AE005027A6974617220FF6C606961210722D0
S214010AF000DF1F1FDF0404050104040402F71707C3
S214010B00AC3B636C61762020FF3C314F23201E39BD
S214010B10001F1FDF9F0C0C0205040404071A06F6CB
S214010B20273A686172707320FF6365516316190F67
S214010B30001DCA1D5E0404040401040303203003DF
S214010B40031C62656C6C2020FF323231311C302A66
S214010B50005F1F5F9F0C060D0C00050607F41515B8
S214010B601439686172702020FF616B61611A240A72
S214010B7000101F121F060F030F0106060403F20CD6
S214010B80F23C622F62727320FF6A413A32281D33AB
S214010B90001410140E050208080000000099090947
S214010BA019386861726D2020FF03683363231C0ABD
S214010BB0005654999985878C8C060606066464153A
S214010BC0650473745F64726DFF0505073516252A83
S214010BD0001D1D1D1F060D000000060607F4240457
S214010BE0053974696D702020FF656469600A2915EE
S214010BF0004D0CCD14020102010201020108560843
S214010C00183C747261696E20FF32323231301B1D1E
S214010C1000040404000000000002020202050505AB
S214010C20053E616D62202020FF68626262315325B5
S214010C3000DFDFD4150A0B060B0F0F00095919F94F
S214010C40193E747765657420FF6F67516129301608
S214010C5000D2DEDEDE0C0E0F0A0A0B0B01F7E7F7F9
S214010C60173C725F64726F70FF313131311F1F00A4
S214010C7000101010100101020200000000181818E0
S214010C801834686F726E2020FF3F3030300E13111B
S214010C90001F1F1F1F00180F130000111008B82C8B
S214010CA02C3C735F6472756DFF2F3728320020234A
S214010CB0001F1F1F1F15151513130D0C10263626A2
S214010CC0293B636F77622020FF30003E410D1D14E3
S214010CD0001F1F1F5F01160D1400070F142568FA69
S214010CE0F834706572633120FF370E356A17160ABD
S214010CF0001EDF1FDF13130E0F1E0D1C0AD84C1B20
S214010D001934706572633220FF5A3433522D2D0028
S214010D1000999E9E9E0F0C05050D0B0B0A2DF6D510
S214010D20D53C000000000000FF6A3B32542323003C
S214010D300F1F1F1313141208070202060713233787
S214010D40371C000000000000FF33404A300B187FBC
S214010D5000151FDF95130C070F0B0404081808F87D
S214010D603832677472322020FF313532310E461226
S214010D70051F9E595E060000050112170AAAF9AF63
S214010D80FC2B000000000000FF6341523123140FCA
S214010D9000DA5CDD5F08040A0A050204032736341C
S214010DA01538000000000000FF06633632281C29B3
S214010DB000DFD0548F090B070403000000E525F57A
S214010DC0083B000000000000FF3F303030060450B2
S214010DD0001F5F5F9F0B16110E05031F0E08B8FF5D
S214010DE08F39000000000000FF323231311C232A07
S214010DF0055F1F5F9F0303030300050607F4151530
S214010E001439000000000000FF3A30303024122D63
S214010E10001F5F1F5F120A0E0A000404032626261F
S214010E202638656261737333FF62215212210D28E1
S214010E30009F5F56560202020202020303000024CC
S214010E40243C657034202020FF5010406000000CC8
S214010E500C5F5F5F5F1F140D130B140A10F80A0C6A
S214010E600C3C625F6472756DFF42324262000000A4
S214010E70001F5F1F5F150F0E0F15170B0AFD9DFD57
S214010E809D3E655F74616D31FF6F6064601C15295E
S214010E9000DF9FDF9F0F080A021C030F02251514AF
S214010EA0F520656261737334FF4232644200050ABD
S214010EB0001F5F1F5F1F0B0B0B150D0B0A575757B4
S214010EC0672C3F3F3F3F3F3FFF623152321E1212B7
S214010ED0009F5F5F5F0A020C0802020803050525F2
S214010EE02640656774723120FF31303031260D2877
S214010EF0009F1F9F1F848984840605050317171703
S214010F001710656774723220FF62626262370025CD
S214010F1014C4C4C4090806080103030304191919F3
S214010F2019066B7563686920FF353033301C0F2353
S214010F30191F1F1F1F0C0A0B08040302051507F7CC
S214010F40251662656C6C3220FF7232423223230012
S214010F500012121212808080800000000006060631
S214010F600604667565202020FF4161514308121270
S214010F70001B131A101F1F1F0F05000400552545DF
S214010F802638656774723320FF61105101281300FB
S214010F90001F1F121200000D0D00000303000024A5
S214010FA0243C656774723420FFFE00310014172B51
S214010FB0179EDCD8DC10040A0412080808B6B6B678
S214010FC0B6203F3F3F3F3F3FFF213139731C291277
S214010FD0101E1F1F1F17021B0D0003080B340031C4
S214010FE0662A62616E6A6F20FF327271411E141E9C
S214010FF0101F1F1F1F000000000000000103030355
S214011000073A73796E746820FF01020202201010FD
S214011010109F9F1F1F0A0C0C0C0E0E0E0EF3F8F8F5
S214011020F83D000000000000FF010303032010103C
S214011030109F9F1F1F8A8C8C8C0E0E0E0EF3F8F8D5
S214011040F83D000000000000FF414241422110101F
S21401105010141414140A0A0A0A000200001A3A2884
S214011060282D000000000000FF31732541291F27AD
S214011070105F1F1F9C0804051E0302040625152584
S214011080063A000000000000FF723478341617108C
S214011090101F1F121280808A8A00000000000016AE
S2140110A0162C6F7263312020FF327132421E0C10F3
S2140110B0101F1F181E07071F1F000000001313062E
S2140110C0063C6F7263322020FF41414141231010DC
S2140110D010541212120F0C0B0C0000000013F8F83B
S2140110E0F83D000000000000FF337E417423291004
S2140110F0175B5F9F1F8487878800000000F6E4F770
S214011100F734705F62656C6CFF4448484208101003
S214011110101F1F1F1F0B0B0B0B00000000F6030315
S2140111200306000000000000FF4448484208101073
S214011130101F1F1F1F0B0B0B0B00000000F6F6F60F
S214011140F606000000000000FF000060301C1128B9
S214011150001F1F1F1F0E090E1F000000005AAA5A6B
S2140111600A39735F62617373FF633131311A1A1979
S21401117000101A131B0E00000000000000330305C8
S2140111800B38705F62727320FF6F303030000403DB
S214011190081F1F1F1F0D11110C05040A0925A6564D
S2140111A0873E655F74616D32FF326604041E281E39
S2140111B0095D5D5D4A0000000000000000050405B1
S2140111C0063B737472330000FF01720F31210C1558
S2140111D0109F9FDF1F0A0A0C0C0E0A0B0AF959FC16
S2140111E0593D635F62617331FF7301410A1A1A192F
S2140111F00008150B1F060606000008080025050551
S2140112000538656774612020FF633131311A1A1978
S21401121000101A131B0E01010800010106331315F5
S2140112204B38705F62727332FF60323230101A19B7
S214011230000608060E06000004020000043F2F2FD9
S2140112404F00656663303031FF040402021828320D
S214011250001F1F1F1F00000000000000000F0F0FDF
S2140112600F39707367736E64FF7434723216171019
S214011270101F1F121F00000A0A00000404000017B6
S214011280172C53594E543031FF74347434191A10D4
S214011290101F1F121200000A0A00000000000017AB
S2140112A017246F7263303033FF6060676121341238
S2140112B0001F1F941F0F05100D0706060728174766
S2140112C0573A656261737378FF7434743416171075
S2140112D0101F1F121F000000000000010100003651
S2140112E0362C6F7263303034FF783478342118101E
S2140112F0071F1F121F80808F8F000001010000371B
S214011300373C6F7263303035FF78347834211810EB
S214011310071F1F121F00000F0F00000909000037EA
S214011320373C6F72636F3562FF723272321514107A
S214011330101F1F121F00000F0F00000909000036C2
S214011340362C6F7263303462FF606067612134123D
S214011350001F1F941F0F05100807060607281747CA
S214011360573A656261737832FF1F3F793F0004097F
S2140113700A1F1F131F1F0B1116051F131F2FAF5F09
S2140113808F3C48495F484154FF127604041E2A21C7
S214011390045F5F5F540000000E00000000050405B6
S2140113A0463B737472342020FF723478341617105B
S2140113B0100B0B070700000404000005050000469B
S2140113C0462C6F7263352020FF733473341818105F
S2140113D0101F1F121F000000000000010100003650
S2140113E036046F7263377468FF74327432211810D2
S2140113F0071F1F121F80808F8F000009090000370A
S214011400373C6F72636F3563FF7834783421181078
S214011410071F1F121F00000E0E00000C0C000037E5
S214011420373C6F7263303564FF213139741C2912E1
S214011430101E1F1F1F17021B030003080B34003169
S214011440662A62616E6A6F32FF213139731C291276
S214011450101E1F1F1F17021B0B0003080B34003141
S214011460672A62616E6A6F33FF34744B7F232910DB
S214011470175B5F9F1F0407070800000000F6E4F7EC
S214011480F734745F62656C6CFF237423740C100C64
S2140114900C1F1F121F050010100600010110003757
S2140114A0372C377468763031FF43774F710A171C33
S2140114B0081F1F121F0404010C010101041010185B
S2140114C01828645F67747233FF4F124A7000000079
S2140114D0001F1F1F1F0015131100000E110FBF3F25
S2140114E02F3C6472756D3220FF60606461212812A2
S2140114F0001F1F941F0F05100D0706060728174724
S214011500573A656261737379FF733473340C031051
S214011510101F1F121F00000F0F00000101000037EF
S214011520372C377468763031FF73347334161610DF
S214011530101F1F0D0D0000060600000202000037F6
S214011540372C377468763032FF60606647141D1496
S21401155000CD4FCD1F0F05100D07060607281747AC
S214011560573A656261737335FF1741277100320080
S214011570001F1F1F1F131213120F0F0F0F09B8A9F9
S2140115802C3C735F6472616DFF6060666121281494
S214011590001F1F941F0F05100D0706060728174783
S2140115A0573A656261737336FF7A310A3128143708
S2140115B000140D140E0502080800000000090909B0
S2140115C009006861726D3220FF77377232181C107D
S2140115D0101F1F1F1F0C0E0C0C0606060640404768
S2140115E0470474696D703032FF43774F710A1716DE
S2140115F0081F1F121F0404010C010101001010181E
S2140116001828645F67747220FF733273320D1710E7
S214011610101F1F1F1F00000F0F0000010100003FD9
S2140116203F2C377468763033FF7130713017100CE9
S2140116300C5F5F5F5F1C0B12120B0A0A0C15151666
S214011640162474696D703031FF60606A6121281854
S214011650001F1F941F0F05100D07060607281747C2
S214011660573A656261737337FF327132421E0C104E
S214011670101F1F181E07071F15000001011313185E
S214011680183C6F7263323031FF723678321418109C
S214011690101E1E0E0E000208080001000000103782
S2140116A0372C6F7263303036FF733473341617106D
S2140116B0101F1F0F0B00000F0F0000010100003666
S2140116C036246F7263763133FF4A2A42121E140A99
S2140116D00A1F1F1E1E0C0C0F0F0B0B0B0B34346650
S2140116E0663C686F73686920FF7334733429291068
S2140116F0101F1F0505000000000000010100003F4B
S2140117003F0C767676767676FF733372321414143F
S214011710141F1F11110A0A0A0A0000000007071702
S214011720170773696E303031FF783278321414142B
S214011730141F1F111100000000000000000F0F1FF2
S2140117401F0773696E303032FF633131301F151851
S214011750001F1F1F1F060000080200001F3F2F2F3B
S214011760CF38646F72612020FF7301410A10100B9D
S2140117700009121F1F06060606050404061516169E
S214011780163873616B656269FF0102010119313513
S214011790001F1F1F1F06000011000004000F0F0F7F
S2140117A05F39707367322020FF77377232181C104A
S2140117B0101F1F1F1F0C0E0C0C0606060640404984
S2140117C049047363726D6220FF3272327200000048
S2140117D0001F1F1F1F00000808001F04043F2F2FB3
S2140117E04F0474616D202020FF43784F710A171C47
S2140117F0081F1F121F080401020E01010210101813
S21401180018287363726D6232FF7B377534200B0ABA
S214011810101F1F0F0B00000F0F0000010100003802
S2140118203824656663303032FF60606961212608BE
S214011830001F1F9F1F1F07140D071F0E072857376E
S214011840573A656261737338FF6A606961210722DE
S21401185000DF1F1FDF00040501000404020717074D
S214011860AC3B636C61763220FF0C08020210321426
S214011870001F1F1F1F0A030303000000002828285B
S2140118802831000000000000FF6060666130300A09
S214011890041F1F9F1F1205120D040607072817476E
S2140118A05722C1AEAFCADF20FF606068611E2F0FEE
S2140118B0001F1F941F0F05100D07070B0728174859
S2140118C0573AC1AEAF322020FF6060676121281809
S2140118D0031F1F941F0F050A0D07060A072817473F
S2140118E0573AC1AEAF332020FF7434743417141046
S2140118F0101F1F0D0D0000090900000B0B0000163C
S214011900162C737472787832FF000000001B1918C9
S21401191000DF5F9FDF0D0303020102020330202771
S2140119205628452E42415353FF71330C0125252F6E
S214011930009C5D968F040409090003010015161228
S214011940A53A612E7069616EFF733433741A130AF7
S2140119500A4F50121F09090F0F08080101282838DD
S214011960383C627273646F62FF323578721A1D20DA
S214011970005C5A18980F0B100700000000F6F7F7E6
S214011980F63274696D62616CFF0001000217070888
S214011990109F9F1F1F0A110A140E0E0A0EF8F84810
S2140119A0F804CEDFB0D7CDDEFF03020206003928E9
S2140119B000181A1A96170A0E1000000000FBF5F719
S2140119C0F83BCEDEDDBADE20FF03300101161C1126
S2140119D0001FDFDF5F1D0F130D0C0A0509AF5AA2AA
S2140119E0673BC0D1C0D12020FF00000471242A2FFC
S2140119F0001212120E000000080000000006063653
S214011A00183A736178202020FF763372312325003F
S214011A10009C5D968F04040B09030304001616A5AB
S214011A20A53C6D6167696370FF743234720E0C0AEF
S214011A300A4F50121F09090F0F08080101282838FC
S214011A403824655F62727320FF606062611B1E0846
S214011A50001F1F9F1F0B07150D071F0E075857372F
S214011A60573A656261737339FF6260646111071BDF
S214011A7000DF1F1FDF00040501000404020717072B
S214011A80AC22636C61763320FF38404A31200D4129
S214011A90001F1FDF9F0C0C0A0F0404040A1A06F627
S214011AA0373A6B6F746F3220FF71330C0125252F87
S214011AB0005C5D565F0404090D0003010C15161247
S214011AC0493A617033202020FF070000001E1714DA
S214011AD0001F1F1F1F140E0A1F000000005AAA5ADB
S214011AE00A01736261737332FF7434723210100D1F
S214011AF00D0E0E121200001010000006060808183F
S214011B001824CCDCCCDC2020FF700241331E301EB2
S214011B10001F1F1F1F181518131E0D1410F939A9C1
S214011B202902C2C2DED02020FF237423740C100CBD
S214011B300C1F1F121F0500101006000101100037B0
S214011B40372C377468763035FF733171311A1A19AC
S214011B50001F1F1F1F0800000000000000330305C0
S214011B600B38705F62727333FF7334030400001026
S214011B70101F1F121F0000000000000101000036A8
S214011B8036046F7263377432FF7434743416171068
S214011B90100B0B0B0B0000000000000101060636BF
S214011BA0362C6F7263303473FF02010100111D0A77
S214011BB0001F1F1F1F0000000B0000000A07070977
S214011BC0883AB1D7BC202020FF327232721F221011
S214011BD0100D190E1F0D0D0D0C1F0D090DF9130615
S214011BE0063CCCDEDCDD2020FF0102020118261FA8
S214011BF0001F1F1F1F000000110000000504080839
S214011C003839707367303033FF02000A00190A282A
S214011C10001F1F1F1F1C0F1C0F00000000F8F8F804
S214011C20F83A6B69636B3120FF0102010119261A2C
S214011C30001F1F1F1F000000110000000002070701
S214011C403739707367303034FF01020201192628D4
S214011C50001F1F1F1F0000001100000000020707E1
S214011C603739707367303035FF703070313308089C
S214011C70109F9F1F1F001F000E0012000009090978
S214011C800904CEDFB0D73220FF60303231121A1984
S214011C90000511071805000004020000043F2F2F5D
S214011CA02F30677472303033FF0102020418261F8A
S214011CB0001F1F1F1F000000110000000504080878
S214011CC03801707367303036FF010404011826208E
S214011CD0001F1F1F1F0000000F0000000704080858
S214011CE02839707367303037FF60606647141D14FB
S214011CF000CD4FCD1F0F05100D0706060728174705
S214011D00573A62656E62656EFF327132421F1F106E
S214011D10101F1F181E1F1F1F1F0000000013130691
S214011D20063C706970653220FF416151430812120A
S214011D30001F191F1A1F1F1F100500040B572747E6
S214011D402838202020202020FF3273327300000024
S214011D50001F1F1F1F00000808001F04043F2F2F2D
S214011D604F3C656663746573FF3070727007282593
S214011D7000DF5FDF9F0809060E0707060A292919F3
S214011D800920736261737332FF733131311A1E1C7D
S214011D90001F1F1F1F00000000000000003F0F0F64
S214011DA00F38705F62727333FF71330C0125252F74
S214011DB0005F5F5F5F0404090A0003010515161240
S214011DC0283A617034202020FF307072700B222870
S214011DD000DF5FDF9F0509010C070707072929199F
S214011DE00920736261737333FF3131373117262847
S214011DF0008D8E8D530E0E0E03000000001313FA95
S214011E000A326F6C6474726DFF1F3F793F000409DC
S214011E100A1F1F1F1F1F0B1416051F131F2FAF5F4F
S214011E208F3C686968617433FF423132421A1B0F76
S214011E300F535350500D0D080800000000182818C5
S214011E40183C737472706C73FF0F0A0D010000006A
S214011E50101F1F1F1F000000120000000F000000CF
S214011E60A73868695F686174FF00010002170708F8
S214011E70109F9F1F1F0A110A140E0E0A0EF8F8482B
S214011E80F806BFB3D9CDDE20FF3031313118262810
S214011E90008D8E8D530E0E0E03000404041A1A1ABA
S214011EA01A3A7472756D7032FF0000000217070847
S214011EB0109F9F1F1F0A130A140E0E0A0EF8F845EC
S214011EC0F804CEDFB0D73320FF03310102161C1110
S214011ED0001FDFDF5F1D0F130D0C0A0509AF0AA2F5
S214011EE0A73CC0D1C0D13220FF73347334170E1013
S214011EF0101F1F1F1F00000F0F00000909080838D8
S214011F003804377468763035FF2F3528327F28320B
S214011F10001F1F1F1F15151513130D0C102636262F
S214011F20293B636F6D623220FF70317030331B00C6
S214011F30009F9F1F1F001F070700120B0B0909C9EF
S214011F40C9043830386B696BFF783478342118103F
S214011F50071F1F111100000C0C00000101080838B2
S214011F60383C6F7263737472FF01010203161E1907
S214011F7000DFDF5F5F0F0F0E0E0B0B0C0C5F5F7841
S214011F807804C0D1C0D13320FF0001000213070836
S214011F90109F9F1F1F0B110C140E0E0A0EE8F84817
S214011FA0F816BFB3D9CDDE32FF30703270091E1974
S214011FB0005F5F5F5F01010101010101011919194C
S214011FC0193073796E746831FF000100020E07083C
S214011FD0109F9F1F1F08110C140E0E0A0ED8F848EA
S214011FE0F81EBFB3D9CDDE33FF307072700B2228D6
S214011FF0009F5F9F9F0809010A0C0706051929190A
S2140120000920736261737334FF33404A300F1A320A
S21401201000151FDF95130C070E0B0404061707F7B0
S21401202038326774725F6869FF7302433332322550
S214012030001F1F1F1F161515130F0D0F1029392905
S2140120402904636F77623220FF38333331222C2420
S21401205000DFDFDF9F8381828802020303251F1FC3
S2140120604F28677472332020FF70307030170708CE
S214012070109F9F1F1F0A1104040E0E0404F8F8484F
S214012080F806BFB3D9CDDE34FF227271411714159D
S214012090101F1F1F1F080407000702070107070775
S2140120A0073973796E7468320031323234190000A0
S2140120B0005F5FD4941114000B0000000059F91959
S2140120C0893C626173732037FF326604041A281A4A
S2140120D0095D5D5D4A0A0D0B04000000001514152C
S2140120E0063B737472344D62FF310000000000003D
S2140120F0001F00000000000000000000001F0F0F7E
S2140121000F0773696E323231000F0204021F281E58
S21401211000DFDF5F1F1312121100000000291949AA
S214012120F93B436F7720626500333234310000009B
S214012130001E1E1E1E81999A94010A100A07C81BCA
S214012140FC3C736E617265000038333331222C24F7
S21401215000DFDFDF9F8381828802020303251F1FC2
S2140121604F28612E677569740001020201191E105D
S21401217000524F525080808080020202010A0A08F3
S214012180060C766F69636531000101030112190AB5
S214012190005950525380808080020202011A0A08B8
S2140121A00624766F696365320022213301231E1CE3
S2140121B000941959118F868980040102018F1A3EF5
S2140121C01A18766F6963653300000000000000008E
S2140121D000000000000000000000000000000000F9
S2140121E000000000000000000000000000000000E9
S2140121F000000000000000000000000000000000D9
S21401220000000000000000000000000000000000C8
S21401221000000000000000000000000000000000B8
S21401222000000000000000000000000000000000A8
S2140122300000000000000000000000000000000098
S2140122400000000000000000000000000000000088
S2140122500000000000000000000000000000000078
S2140122600000000000000000000000000000000068
S2140122700000000000000000000000000000000058
S2140122800000000000000000000000000000000048
S2140122900000000000000000000000000000000038
S2140122A00000000000000000000000000000000028
S2140122B00000000000000000000000000000000018
S2140122C00000000000000000000000000000000008
S2140122D000000000000000000000000000000000F8
S2140122E000000000000000000000000000000000E8
S2140122F000000000000000000000000000000000D8
S21401230000000000000000000000000000000000C7
S21401231000000000000000000000000000000000B7
S21401232000000000000000000000000000000000A7
S2140123300000000000000000000000000000000097
S2140123400000000000000000000000000000000087
S2140123500000000000000000000000000000000077
S2140123600000000000000000000000000000000067
S2140123700000000000000000000000000000000057
S2140123800000000000000000000000000000000047
S2140123900000000000000000000000000000000037
S2140123A00000000000000000000000000000000027
S2140123B00000000000000000000000000000000017
S2140123C00000000000000000000000000000000007
S2140123D000000000000000000000000000000000F7
S2140123E000000000000000000000000000000000E7
S2140123F000000000000000000000000000000000D7
S21401240000000000000000000000000000000000C6
S21401241000000000000000000000000000000000B6
S21401242000000000000000000000000000000000A6
S2140124300000000000000000000000000000000096
S2140124400000000000000000000000000000000086
S2140124500000000000000000000000000000000076
S2140124600000000000000000000000000000000066
S2140124700000000000000000000000000000000056
S2140124800000000000000000000000000000000046
S2140124900000000000000000000000000000000036
S2140124A00000000000000000000000000000000026
S2140124B00000000000000000000000000000000016
S2140124C00000000000000000000000000000000006
S2140124D000000000000000000000000000000000F6
S2140124E000000000000000000000000000000000E6
S2140124F000000000000000000000000000000000D6
S21401250000000000000000000000000000000000C5
S21401251000000000000000000000000000000000B5
S21401252000000000000000000000000000000000A5
S214012530001F000000000000000000000000000076
S21401254000000000000000005002010060020100CF
S2140125506C02010078020100840201009002010071
S214012560A4020100B4020100C4020100E00201005D
S214012570FC020100100301002003010034030100E6
S2140125803C030100440301004C03010040670000C6
S214012590306800005067000030680000586700008F
S2140125A03068000050670000406700004067000088
S2140125B058670000506700001867000018670000A1
S2140125C018670000586700000001020203030303B6
S2140125D004040404040404040505050505050505AD
S2140125E0050505050505050506060606060606068D
S2140125F00606060606060606060606060606060675
S214012600060606060606060607070707070707075C
S2140126100707070707070707070707070707070744
S2140126200707070707070707070707070707070734
S2140126300707070707070707070707070707070724
S214012640070707070707070708080808080808080C
S21401265008080808080808080808080808080808F4
S21401266008080808080808080808080808080808E4
S21401267008080808080808080808080808080808D4
S21401268008080808080808080808080808080808C4
S21401269008080808080808080808080808080808B4
S2140126A008080808080808080808080808080808A4
S2140126B00808080808080808080808080808080894
S20C0126C00808080808080808CC
S2140126C81000000000000000037A5200017C01019E
S2140126D81B0D020048000000180000006C27FFFFD1
S2140126E8C405000000440E306C94068101880289F6
S2140126F80392049305950796089709980A990B0378
S21401270854020AC144C844C944D344D444D544D61F
S21401271844D744D844D94CD2440E00440B00000098
S2140127284C00000064000000E42CFFFFD004000009
S21401273800440E307088028903810192049305943F
S21401274806950796089709980A990B9A0C030C019F
S2140127580AC144C844C944D244D344D444D544D60F
S21401276844D744D844D944DA440E00440B00000048
S214012778020202020202020202020202F0F1F20060
S214012788000000000000000000000000000000003B
S21401279800000000000000000000000000003F0FDD
S2100127A80F0F0F0F0F00000000000000D4
S2140127B8FFFFFFFFFFFFEF7FFFFFFFFFFFFFEFFFBB
S2140127C8FB799F501344D33FB3C8608B288AC63F12
S2140127D8000000000000F83F61436F63A787D23FFF
S2140127E871A379094F930A40000000000000E03FFA
S2140127F81655B5BBB16B0240EF39FAFE422EE63FDD
S2140128080000000000002C400000000000002440EA
S2140128180000000000001840000000000000004012
S214012828000000000000F03F2D431CEBE2361A3F83
S2140128380000000080842E410000000065CDCD41D7
S2140128480000000065CDCDC1320000000000000088
S2100128580800000000200000AC28010071
S80400116882
